attributes,Id,LastModifiedBy,MemberIdOrName,MemberType,MemberName,RevisionNum,RevisionCounter,IsNameObsolete,LastModifiedById,IsNewMember,ChangedBy
"{'type': 'SourceMember', 'url': '/services/data/v60.0/tooling/sobjects/SourceMember/0MZ6t0000055thAGAQ'}",0MZ6t0000055thAGAQ,"{'attributes': {'type': 'User', 'url': '/services/data/v60.0/tooling/sobjects/User/0055e000006hNmLAAU'}, 'Name': 'Satish Hale'}",01p6t000003YBMxAAO,ApexClass,A360AccountTriggerHandler,,369092,False,0055e000006hNmLAAU,False,0055e000006hNmL
"{'type': 'SourceMember', 'url': '/services/data/v60.0/tooling/sobjects/SourceMember/0MZ6t0000055thEGAQ'}",0MZ6t0000055thEGAQ,"{'attributes': {'type': 'User', 'url': '/services/data/v60.0/tooling/sobjects/User/0055e000006hNmLAAU'}, 'Name': 'Satish Hale'}",01p5e00000avgsBAAQ,ApexClass,ACM_AccountQueueable,,11571,False,0055e000006hNmLAAU,False,0055e000006hNmL
"{'type': 'SourceMember', 'url': '/services/data/v60.0/tooling/sobjects/SourceMember/0MZ6t0000055thHGAQ'}",0MZ6t0000055thHGAQ,"{'attributes': {'type': 'User', 'url': '/services/data/v60.0/tooling/sobjects/User/0055e000006hNmLAAU'}, 'Name': 'Satish Hale'}",01p5e00000avgsEAAQ,ApexClass,ACM_AccountRollupScheduler,,11574,False,0055e000006hNmLAAU,False,0055e000006hNmL
"{'type': 'SourceMember', 'url': '/services/data/v60.0/tooling/sobjects/SourceMember/0MZ6t0000055thJGAQ'}",0MZ6t0000055thJGAQ,"{'attributes': {'type': 'User', 'url': '/services/data/v60.0/tooling/sobjects/User/0055e000006hNmLAAU'}, 'Name': 'Satish Hale'}",01p5e00000avgsGAAQ,ApexClass,ACM_Account_AppLiterals,,11576,False,0055e000006hNmLAAU,False,0055e000006hNmL
"{'type': 'SourceMember', 'url': '/services/data/v60.0/tooling/sobjects/SourceMember/0MZ6t0000055thKGAQ'}",0MZ6t0000055thKGAQ,"{'attributes': {'type': 'User', 'url': '/services/data/v60.0/tooling/sobjects/User/0055e000006hNmLAAU'}, 'Name': 'Satish Hale'}",01p5e00000avgsHAAQ,ApexClass,ACM_Account_IBusinessLayer,,11577,False,0055e000006hNmLAAU,False,0055e000006hNmL
"{'type': 'SourceMember', 'url': '/services/data/v60.0/tooling/sobjects/SourceMember/0MZ6t0000055thLGAQ'}",0MZ6t0000055thLGAQ,"{'attributes': {'type': 'User', 'url': '/services/data/v60.0/tooling/sobjects/User/0055e000006hNmLAAU'}, 'Name': 'Satish Hale'}",01p5e00000avgsIAAQ,ApexClass,ACM_Account_ServiceLayerHandler,,369093,False,0055e000006hNmLAAU,False,0055e000006hNmL
"{'type': 'SourceMember', 'url': '/services/data/v60.0/tooling/sobjects/SourceMember/0MZ6t0000055thVGAQ'}",0MZ6t0000055thVGAQ,"{'attributes': {'type': 'User', 'url': '/services/data/v60.0/tooling/sobjects/User/0055e000006hNmLAAU'}, 'Name': 'Satish Hale'}",01p5e00000avgsLAAQ,ApexClass,ACM_CustomSearchControllerTest,,11584,False,0055e000006hNmLAAU,False,0055e000006hNmL
"{'type': 'SourceMember', 'url': '/services/data/v60.0/tooling/sobjects/SourceMember/0MZ6t0000055thYGAQ'}",0MZ6t0000055thYGAQ,"{'attributes': {'type': 'User', 'url': '/services/data/v60.0/tooling/sobjects/User/0055e000006hNmLAAU'}, 'Name': 'Satish Hale'}",01p5e00000avm2MAAQ,ApexClass,ACM_CustomSearchController_UsersTest,,11587,False,0055e000006hNmLAAU,False,0055e000006hNmL
"{'type': 'SourceMember', 'url': '/services/data/v60.0/tooling/sobjects/SourceMember/0MZ6t0000055thZGAQ'}",0MZ6t0000055thZGAQ,"{'attributes': {'type': 'User', 'url': '/services/data/v60.0/tooling/sobjects/User/0055e000006hNmLAAU'}, 'Name': 'Satish Hale'}",01p6t000003YBN0AAO,ApexClass,ACM_ErrorNotificationHandler,,369094,False,0055e000006hNmLAAU,False,0055e000006hNmL
"{'type': 'SourceMember', 'url': '/services/data/v60.0/tooling/sobjects/SourceMember/0MZ6t0000055thaGAA'}",0MZ6t0000055thaGAA,"{'attributes': {'type': 'User', 'url': '/services/data/v60.0/tooling/sobjects/User/0055e000006hNmLAAU'}, 'Name': 'Satish Hale'}",01p6t000003YBN1AAO,ApexClass,ACM_ErrorNotificationHandlerTest,,369095,False,0055e000006hNmLAAU,False,0055e000006hNmL
"{'type': 'SourceMember', 'url': '/services/data/v60.0/tooling/sobjects/SourceMember/0MZ6t0000055thcGAA'}",0MZ6t0000055thcGAA,"{'attributes': {'type': 'User', 'url': '/services/data/v60.0/tooling/sobjects/User/0055e000006hNmLAAU'}, 'Name': 'Satish Hale'}",01p5e00000avgsNAAQ,ApexClass,ACM_ProccessUnmanagedAccountScheduler,,11591,False,0055e000006hNmLAAU,False,0055e000006hNmL
"{'type': 'SourceMember', 'url': '/services/data/v60.0/tooling/sobjects/SourceMember/0MZ6t0000055thdGAA'}",0MZ6t0000055thdGAA,"{'attributes': {'type': 'User', 'url': '/services/data/v60.0/tooling/sobjects/User/0055e000006hNmLAAU'}, 'Name': 'Satish Hale'}",01p5e00000avgsOAAQ,ApexClass,ACM_ProccessUnmanagedAccounts,,11592,False,0055e000006hNmLAAU,False,0055e000006hNmL
"{'type': 'SourceMember', 'url': '/services/data/v60.0/tooling/sobjects/SourceMember/0MZ6t0000055thfGAA'}",0MZ6t0000055thfGAA,"{'attributes': {'type': 'User', 'url': '/services/data/v60.0/tooling/sobjects/User/0055e000006hNmLAAU'}, 'Name': 'Satish Hale'}",01p5e00000avgsQAAQ,ApexClass,ACM_ReassignChildAccountQueueable,,11594,False,0055e000006hNmLAAU,False,0055e000006hNmL
"{'type': 'SourceMember', 'url': '/services/data/v60.0/tooling/sobjects/SourceMember/0MZ6t0000055thgGAA'}",0MZ6t0000055thgGAA,"{'attributes': {'type': 'User', 'url': '/services/data/v60.0/tooling/sobjects/User/0055e000006hNmLAAU'}, 'Name': 'Satish Hale'}",01p5e00000avgsRAAQ,ApexClass,ACM_ReassignChildAccountScheduler,,11595,False,0055e000006hNmLAAU,False,0055e000006hNmL
"{'type': 'SourceMember', 'url': '/services/data/v60.0/tooling/sobjects/SourceMember/0MZ6t0000055thkGAA'}",0MZ6t0000055thkGAA,"{'attributes': {'type': 'User', 'url': '/services/data/v60.0/tooling/sobjects/User/0055e000006hNmLAAU'}, 'Name': 'Satish Hale'}",01p5e00000avgsVAAQ,ApexClass,ACM_TAA_QueueableOwnerChange,,11599,False,0055e000006hNmLAAU,False,0055e000006hNmL
"{'type': 'SourceMember', 'url': '/services/data/v60.0/tooling/sobjects/SourceMember/0MZ6t0000055thlGAA'}",0MZ6t0000055thlGAA,"{'attributes': {'type': 'User', 'url': '/services/data/v60.0/tooling/sobjects/User/0055e000006hNmLAAU'}, 'Name': 'Satish Hale'}",01p5e00000avgsWAAQ,ApexClass,ACM_TAA_QueueableServiceHandler,,369098,False,0055e000006hNmLAAU,False,0055e000006hNmL
"{'type': 'SourceMember', 'url': '/services/data/v60.0/tooling/sobjects/SourceMember/0MZ6t0000055thsGAA'}",0MZ6t0000055thsGAA,"{'attributes': {'type': 'User', 'url': '/services/data/v60.0/tooling/sobjects/User/0055e000006hNmLAAU'}, 'Name': 'Satish Hale'}",01p5e00000b9vmCAAQ,ApexClass,APM_ATM_IBusinessLayer,,11607,False,0055e000006hNmLAAU,False,0055e000006hNmL
"{'type': 'SourceMember', 'url': '/services/data/v60.0/tooling/sobjects/SourceMember/0MZ6t0000055thtGAA'}",0MZ6t0000055thtGAA,"{'attributes': {'type': 'User', 'url': '/services/data/v60.0/tooling/sobjects/User/0055e000006hNmLAAU'}, 'Name': 'Satish Hale'}",01p5e00000b9vmDAAQ,ApexClass,APM_ATM_ServiceLayerHandler,,11608,False,0055e000006hNmLAAU,False,0055e000006hNmL
"{'type': 'SourceMember', 'url': '/services/data/v60.0/tooling/sobjects/SourceMember/0MZ6t0000055thuGAA'}",0MZ6t0000055thuGAA,"{'attributes': {'type': 'User', 'url': '/services/data/v60.0/tooling/sobjects/User/0055e000006hNmLAAU'}, 'Name': 'Satish Hale'}",01p5e00000b9vmEAAQ,ApexClass,APM_ATM_Utility,,11609,False,0055e000006hNmLAAU,False,0055e000006hNmL
"{'type': 'SourceMember', 'url': '/services/data/v60.0/tooling/sobjects/SourceMember/0MZ6t0000055thvGAA'}",0MZ6t0000055thvGAA,"{'attributes': {'type': 'User', 'url': '/services/data/v60.0/tooling/sobjects/User/0055e000006hNmLAAU'}, 'Name': 'Satish Hale'}",01p5e00000avgsYAAQ,ApexClass,APM_AccPlanInit_ServiceLayerHandler,,11610,False,0055e000006hNmLAAU,False,0055e000006hNmL
"{'type': 'SourceMember', 'url': '/services/data/v60.0/tooling/sobjects/SourceMember/0MZ6t0000055thwGAA'}",0MZ6t0000055thwGAA,"{'attributes': {'type': 'User', 'url': '/services/data/v60.0/tooling/sobjects/User/0055e000006hNmLAAU'}, 'Name': 'Satish Hale'}",01p5e00000avgsZAAQ,ApexClass,APM_AccPlanInit_Utility,,11611,False,0055e000006hNmLAAU,False,0055e000006hNmL
"{'type': 'SourceMember', 'url': '/services/data/v60.0/tooling/sobjects/SourceMember/0MZ6t0000055thxGAA'}",0MZ6t0000055thxGAA,"{'attributes': {'type': 'User', 'url': '/services/data/v60.0/tooling/sobjects/User/0055e000006hNmLAAU'}, 'Name': 'Satish Hale'}",01p5e00000YuxxgAAB,ApexClass,APM_AccountPlanActivation,,11612,False,0055e000006hNmLAAU,False,0055e000006hNmL
"{'type': 'SourceMember', 'url': '/services/data/v60.0/tooling/sobjects/SourceMember/0MZ6t0000055thyGAA'}",0MZ6t0000055thyGAA,"{'attributes': {'type': 'User', 'url': '/services/data/v60.0/tooling/sobjects/User/0055e000006hNmLAAU'}, 'Name': 'Satish Hale'}",01p5e00000YuxxhAAB,ApexClass,APM_AccountPlanActivationTest,,17105,False,0055e000006hNmLAAU,False,0055e000006hNmL
"{'type': 'SourceMember', 'url': '/services/data/v60.0/tooling/sobjects/SourceMember/0MZ6t0000055thzGAA'}",0MZ6t0000055thzGAA,"{'attributes': {'type': 'User', 'url': '/services/data/v60.0/tooling/sobjects/User/0055e000006hNmLAAU'}, 'Name': 'Satish Hale'}",01p5e00000avgsbAAA,ApexClass,APM_AccountPlanInitiativeTriggerHandler,,11614,False,0055e000006hNmLAAU,False,0055e000006hNmL
"{'type': 'SourceMember', 'url': '/services/data/v60.0/tooling/sobjects/SourceMember/0MZ6t0000055ti0GAA'}",0MZ6t0000055ti0GAA,"{'attributes': {'type': 'User', 'url': '/services/data/v60.0/tooling/sobjects/User/0055e000006hNmLAAU'}, 'Name': 'Satish Hale'}",01p6t000003YBN7AAO,ApexClass,APM_AccountPlanInitiativeTriggerTest,,11615,False,0055e000006hNmLAAU,False,0055e000006hNmL
"{'type': 'SourceMember', 'url': '/services/data/v60.0/tooling/sobjects/SourceMember/0MZ6t0000055ti1GAA'}",0MZ6t0000055ti1GAA,"{'attributes': {'type': 'User', 'url': '/services/data/v60.0/tooling/sobjects/User/0055e000006hNmLAAU'}, 'Name': 'Satish Hale'}",01p5e00000avgscAAA,ApexClass,APM_AccountPlanInitiative_IBusinessLayer,,11616,False,0055e000006hNmLAAU,False,0055e000006hNmL
"{'type': 'SourceMember', 'url': '/services/data/v60.0/tooling/sobjects/SourceMember/0MZ6t0000055ti4GAA'}",0MZ6t0000055ti4GAA,"{'attributes': {'type': 'User', 'url': '/services/data/v60.0/tooling/sobjects/User/0055e000006hNmLAAU'}, 'Name': 'Satish Hale'}",01p5e00000YuxxiAAB,ApexClass,APM_AccountTeamMemberTriggerHandler,,11619,False,0055e000006hNmLAAU,False,0055e000006hNmL
"{'type': 'SourceMember', 'url': '/services/data/v60.0/tooling/sobjects/SourceMember/0MZ6t0000055ti5GAA'}",0MZ6t0000055ti5GAA,"{'attributes': {'type': 'User', 'url': '/services/data/v60.0/tooling/sobjects/User/0055e000006hNmLAAU'}, 'Name': 'Satish Hale'}",01p5e00000b9vmHAAQ,ApexClass,APM_AccountTeamMemberTriggerHandlerTest,,11620,False,0055e000006hNmLAAU,False,0055e000006hNmL
"{'type': 'SourceMember', 'url': '/services/data/v60.0/tooling/sobjects/SourceMember/0MZ6t0000055tiFGAQ'}",0MZ6t0000055tiFGAQ,"{'attributes': {'type': 'User', 'url': '/services/data/v60.0/tooling/sobjects/User/0055e000006hNmLAAU'}, 'Name': 'Satish Hale'}",01p5e00000b9vmJAAQ,ApexClass,APM_CommonWrapper,,11630,False,0055e000006hNmLAAU,False,0055e000006hNmL
"{'type': 'SourceMember', 'url': '/services/data/v60.0/tooling/sobjects/SourceMember/0MZ6t0000055tiGGAQ'}",0MZ6t0000055tiGGAQ,"{'attributes': {'type': 'User', 'url': '/services/data/v60.0/tooling/sobjects/User/0055e000006hNmLAAU'}, 'Name': 'Satish Hale'}",01p5e00000YuxxrAAB,ApexClass,APM_CustomRelatedListController,,11631,False,0055e000006hNmLAAU,False,0055e000006hNmL
"{'type': 'SourceMember', 'url': '/services/data/v60.0/tooling/sobjects/SourceMember/0MZ6t0000055tiHGAQ'}",0MZ6t0000055tiHGAQ,"{'attributes': {'type': 'User', 'url': '/services/data/v60.0/tooling/sobjects/User/0055e000006hNmLAAU'}, 'Name': 'Satish Hale'}",01p5e00000YuxxsAAB,ApexClass,APM_CustomRelatedListControllerTest,,11632,False,0055e000006hNmLAAU,False,0055e000006hNmL
"{'type': 'SourceMember', 'url': '/services/data/v60.0/tooling/sobjects/SourceMember/0MZ6t0000055tiKGAQ'}",0MZ6t0000055tiKGAQ,"{'attributes': {'type': 'User', 'url': '/services/data/v60.0/tooling/sobjects/User/0055e000006hNmLAAU'}, 'Name': 'Satish Hale'}",01p5e00000YuxxtAAB,ApexClass,APM_GenericShareHandler,,11635,False,0055e000006hNmLAAU,False,0055e000006hNmL
"{'type': 'SourceMember', 'url': '/services/data/v60.0/tooling/sobjects/SourceMember/0MZ6t0000055tiMGAQ'}",0MZ6t0000055tiMGAQ,"{'attributes': {'type': 'User', 'url': '/services/data/v60.0/tooling/sobjects/User/0055e000006hNmLAAU'}, 'Name': 'Satish Hale'}",01p5e00000YuxxvAAB,ApexClass,APM_GenericShare_IBusinessLayer,,11637,False,0055e000006hNmLAAU,False,0055e000006hNmL
"{'type': 'SourceMember', 'url': '/services/data/v60.0/tooling/sobjects/SourceMember/0MZ6t0000055tiNGAQ'}",0MZ6t0000055tiNGAQ,"{'attributes': {'type': 'User', 'url': '/services/data/v60.0/tooling/sobjects/User/0055e000006hNmLAAU'}, 'Name': 'Satish Hale'}",01p5e00000YuxxwAAB,ApexClass,APM_GenericShare_Queueable,,11638,False,0055e000006hNmLAAU,False,0055e000006hNmL
"{'type': 'SourceMember', 'url': '/services/data/v60.0/tooling/sobjects/SourceMember/0MZ6t0000055tiOGAQ'}",0MZ6t0000055tiOGAQ,"{'attributes': {'type': 'User', 'url': '/services/data/v60.0/tooling/sobjects/User/0055e000006hNmLAAU'}, 'Name': 'Satish Hale'}",01p5e00000YuxxxAAB,ApexClass,APM_GenericShare_ServiceLayerHandler,,11639,False,0055e000006hNmLAAU,False,0055e000006hNmL
"{'type': 'SourceMember', 'url': '/services/data/v60.0/tooling/sobjects/SourceMember/0MZ6t0000055tiQGAQ'}",0MZ6t0000055tiQGAQ,"{'attributes': {'type': 'User', 'url': '/services/data/v60.0/tooling/sobjects/User/0055e000006hNmLAAU'}, 'Name': 'Satish Hale'}",01p5e00000YuxxzAAB,ApexClass,APM_GenericShare_Utility,,11641,False,0055e000006hNmLAAU,False,0055e000006hNmL
"{'type': 'SourceMember', 'url': '/services/data/v60.0/tooling/sobjects/SourceMember/0MZ6t0000055tiRGAQ'}",0MZ6t0000055tiRGAQ,"{'attributes': {'type': 'User', 'url': '/services/data/v60.0/tooling/sobjects/User/0055e000006hNmLAAU'}, 'Name': 'Satish Hale'}",01p5e00000Yuxy0AAB,ApexClass,APM_GenericShare_UtilityTest,,39716,False,0055e000006hNmLAAU,False,0055e000006hNmL
"{'type': 'SourceMember', 'url': '/services/data/v60.0/tooling/sobjects/SourceMember/0MZ6t0000055tiVGAQ'}",0MZ6t0000055tiVGAQ,"{'attributes': {'type': 'User', 'url': '/services/data/v60.0/tooling/sobjects/User/0055e000006hNmLAAU'}, 'Name': 'Satish Hale'}",01p5e00000Yuxy3AAB,ApexClass,APM_InitiativeRecordEditController,,11646,False,0055e000006hNmLAAU,False,0055e000006hNmL
"{'type': 'SourceMember', 'url': '/services/data/v60.0/tooling/sobjects/SourceMember/0MZ6t0000055tiWGAQ'}",0MZ6t0000055tiWGAQ,"{'attributes': {'type': 'User', 'url': '/services/data/v60.0/tooling/sobjects/User/0055e000006hNmLAAU'}, 'Name': 'Satish Hale'}",01p5e00000Yuxy4AAB,ApexClass,APM_InitiativeRecordEditControllerTest,,11647,False,0055e000006hNmLAAU,False,0055e000006hNmL
"{'type': 'SourceMember', 'url': '/services/data/v60.0/tooling/sobjects/SourceMember/0MZ6t0000055tiaGAA'}",0MZ6t0000055tiaGAA,"{'attributes': {'type': 'User', 'url': '/services/data/v60.0/tooling/sobjects/User/0055e000006hNmLAAU'}, 'Name': 'Satish Hale'}",01p5e00000YuxyEAAR,ApexClass,APM_Snapshot_Batch,,11651,False,0055e000006hNmLAAU,False,0055e000006hNmL
"{'type': 'SourceMember', 'url': '/services/data/v60.0/tooling/sobjects/SourceMember/0MZ6t0000055tibGAA'}",0MZ6t0000055tibGAA,"{'attributes': {'type': 'User', 'url': '/services/data/v60.0/tooling/sobjects/User/0055e000006hNmLAAU'}, 'Name': 'Satish Hale'}",01p5e00000YuxyFAAR,ApexClass,APM_Snapshot_BatchSchedulerInitiative,,11652,False,0055e000006hNmLAAU,False,0055e000006hNmL
"{'type': 'SourceMember', 'url': '/services/data/v60.0/tooling/sobjects/SourceMember/0MZ6t0000055ticGAA'}",0MZ6t0000055ticGAA,"{'attributes': {'type': 'User', 'url': '/services/data/v60.0/tooling/sobjects/User/0055e000006hNmLAAU'}, 'Name': 'Satish Hale'}",01p5e00000YuxyGAAR,ApexClass,APM_Snapshot_BatchTest,,11653,False,0055e000006hNmLAAU,False,0055e000006hNmL
"{'type': 'SourceMember', 'url': '/services/data/v60.0/tooling/sobjects/SourceMember/0MZ6t0000055tidGAA'}",0MZ6t0000055tidGAA,"{'attributes': {'type': 'User', 'url': '/services/data/v60.0/tooling/sobjects/User/0055e000006hNmLAAU'}, 'Name': 'Satish Hale'}",01p5e00000YuxyHAAR,ApexClass,APM_Snapshot_FlowController,,11654,False,0055e000006hNmLAAU,False,0055e000006hNmL
"{'type': 'SourceMember', 'url': '/services/data/v60.0/tooling/sobjects/SourceMember/0MZ6t0000055tieGAA'}",0MZ6t0000055tieGAA,"{'attributes': {'type': 'User', 'url': '/services/data/v60.0/tooling/sobjects/User/0055e000006hNmLAAU'}, 'Name': 'Satish Hale'}",01p5e00000YuxyIAAR,ApexClass,APM_Snapshot_FlowControllerTest,,11655,False,0055e000006hNmLAAU,False,0055e000006hNmL
"{'type': 'SourceMember', 'url': '/services/data/v60.0/tooling/sobjects/SourceMember/0MZ6t0000055tifGAA'}",0MZ6t0000055tifGAA,"{'attributes': {'type': 'User', 'url': '/services/data/v60.0/tooling/sobjects/User/0055e000006hNmLAAU'}, 'Name': 'Satish Hale'}",01p5e00000YuxyJAAR,ApexClass,APM_Snapshot_IBusinessLayer,,11656,False,0055e000006hNmLAAU,False,0055e000006hNmL
"{'type': 'SourceMember', 'url': '/services/data/v60.0/tooling/sobjects/SourceMember/0MZ6t0000055tigGAA'}",0MZ6t0000055tigGAA,"{'attributes': {'type': 'User', 'url': '/services/data/v60.0/tooling/sobjects/User/0055e000006hNmLAAU'}, 'Name': 'Satish Hale'}",01p5e00000YuxyKAAR,ApexClass,APM_Snapshot_ServiceLayerHandler,,11657,False,0055e000006hNmLAAU,False,0055e000006hNmL
"{'type': 'SourceMember', 'url': '/services/data/v60.0/tooling/sobjects/SourceMember/0MZ6t0000055tiiGAA'}",0MZ6t0000055tiiGAA,"{'attributes': {'type': 'User', 'url': '/services/data/v60.0/tooling/sobjects/User/0055e000006hNmLAAU'}, 'Name': 'Satish Hale'}",01p5e00000YuxyMAAR,ApexClass,APM_Snapshot_Utility,,11659,False,0055e000006hNmLAAU,False,0055e000006hNmL
"{'type': 'SourceMember', 'url': '/services/data/v60.0/tooling/sobjects/SourceMember/0MZ6t0000055tijGAA'}",0MZ6t0000055tijGAA,"{'attributes': {'type': 'User', 'url': '/services/data/v60.0/tooling/sobjects/User/0055e000006hNmLAAU'}, 'Name': 'Satish Hale'}",01p5e00000YuxyNAAR,ApexClass,APM_Snapshot_Wrapper,,11660,False,0055e000006hNmLAAU,False,0055e000006hNmL
"{'type': 'SourceMember', 'url': '/services/data/v60.0/tooling/sobjects/SourceMember/0MZ6t0000055tioGAA'}",0MZ6t0000055tioGAA,"{'attributes': {'type': 'User', 'url': '/services/data/v60.0/tooling/sobjects/User/0055e000006hNmLAAU'}, 'Name': 'Satish Hale'}",01p5e00000YuxyOAAR,ApexClass,APM_TaskBatch,,11665,False,0055e000006hNmLAAU,False,0055e000006hNmL
"{'type': 'SourceMember', 'url': '/services/data/v60.0/tooling/sobjects/SourceMember/0MZ6t0000055tipGAA'}",0MZ6t0000055tipGAA,"{'attributes': {'type': 'User', 'url': '/services/data/v60.0/tooling/sobjects/User/0055e000006hNmLAAU'}, 'Name': 'Satish Hale'}",01p5e00000YuxyPAAR,ApexClass,APM_TaskBatchTest,,11666,False,0055e000006hNmLAAU,False,0055e000006hNmL
"{'type': 'SourceMember', 'url': '/services/data/v60.0/tooling/sobjects/SourceMember/0MZ6t0000055tirGAA'}",0MZ6t0000055tirGAA,"{'attributes': {'type': 'User', 'url': '/services/data/v60.0/tooling/sobjects/User/0055e000006hNmLAAU'}, 'Name': 'Satish Hale'}",01p5e00000YuxyRAAR,ApexClass,APM_TaskTriggerHandlerTest,,16008,False,0055e000006hNmLAAU,False,0055e000006hNmL
"{'type': 'SourceMember', 'url': '/services/data/v60.0/tooling/sobjects/SourceMember/0MZ6t0000055tisGAA'}",0MZ6t0000055tisGAA,"{'attributes': {'type': 'User', 'url': '/services/data/v60.0/tooling/sobjects/User/0055e000006hNmLAAU'}, 'Name': 'Satish Hale'}",01p5e00000YuxySAAR,ApexClass,APM_TaskTriggerUtility,,11669,False,0055e000006hNmLAAU,False,0055e000006hNmL
"{'type': 'SourceMember', 'url': '/services/data/v60.0/tooling/sobjects/SourceMember/0MZ6t0000055tiuGAA'}",0MZ6t0000055tiuGAA,"{'attributes': {'type': 'User', 'url': '/services/data/v60.0/tooling/sobjects/User/0055e000006hNmLAAU'}, 'Name': 'Satish Hale'}",01p5e00000YuxyUAAR,ApexClass,APM_Task_IBusinessLayer,,11671,False,0055e000006hNmLAAU,False,0055e000006hNmL
"{'type': 'SourceMember', 'url': '/services/data/v60.0/tooling/sobjects/SourceMember/0MZ6t0000055tivGAA'}",0MZ6t0000055tivGAA,"{'attributes': {'type': 'User', 'url': '/services/data/v60.0/tooling/sobjects/User/0055e000006hNmLAAU'}, 'Name': 'Satish Hale'}",01p5e00000YuxyVAAR,ApexClass,APM_Task_ServiceLayerHandler,,11672,False,0055e000006hNmLAAU,False,0055e000006hNmL
"{'type': 'SourceMember', 'url': '/services/data/v60.0/tooling/sobjects/SourceMember/0MZ6t0000055tixGAA'}",0MZ6t0000055tixGAA,"{'attributes': {'type': 'User', 'url': '/services/data/v60.0/tooling/sobjects/User/0055e000006hNmLAAU'}, 'Name': 'Satish Hale'}",01p5e00000YuxyYAAR,ApexClass,APM_Wizard_Utility,,11674,False,0055e000006hNmLAAU,False,0055e000006hNmL
"{'type': 'SourceMember', 'url': '/services/data/v60.0/tooling/sobjects/SourceMember/0MZ6t0000055tizGAA'}",0MZ6t0000055tizGAA,"{'attributes': {'type': 'User', 'url': '/services/data/v60.0/tooling/sobjects/User/0055e000006hNmLAAU'}, 'Name': 'Satish Hale'}",01p6t000003YBNJAA4,ApexClass,AcceptRejectGetFieldsController,,11676,False,0055e000006hNmLAAU,False,0055e000006hNmL
"{'type': 'SourceMember', 'url': '/services/data/v60.0/tooling/sobjects/SourceMember/0MZ6t0000055tj7GAA'}",0MZ6t0000055tj7GAA,"{'attributes': {'type': 'User', 'url': '/services/data/v60.0/tooling/sobjects/User/0055e000006hNmLAAU'}, 'Name': 'Satish Hale'}",01p6t000003YBNRAA4,ApexClass,AccountEngagementInsightsWrapper,,11684,False,0055e000006hNmLAAU,False,0055e000006hNmL
"{'type': 'SourceMember', 'url': '/services/data/v60.0/tooling/sobjects/SourceMember/0MZ6t0000055tj8GAA'}",0MZ6t0000055tj8GAA,"{'attributes': {'type': 'User', 'url': '/services/data/v60.0/tooling/sobjects/User/0055e000006hNmLAAU'}, 'Name': 'Satish Hale'}",01p6t000003YBNSAA4,ApexClass,AccountInsightTaskDataProvider,,57407,False,0055e000006hNmLAAU,False,0055e000006hNmL
"{'type': 'SourceMember', 'url': '/services/data/v60.0/tooling/sobjects/SourceMember/0MZ6t0000055tjDGAQ'}",0MZ6t0000055tjDGAQ,"{'attributes': {'type': 'User', 'url': '/services/data/v60.0/tooling/sobjects/User/0055e000006hNmLAAU'}, 'Name': 'Satish Hale'}",01p6t000003YBNXAA4,ApexClass,AccountOwnerChangeBatchScheduler,,11690,False,0055e000006hNmLAAU,False,0055e000006hNmL
"{'type': 'SourceMember', 'url': '/services/data/v60.0/tooling/sobjects/SourceMember/0MZ6t0000055tjLGAQ'}",0MZ6t0000055tjLGAQ,"{'attributes': {'type': 'User', 'url': '/services/data/v60.0/tooling/sobjects/User/0055e000006hNmLAAU'}, 'Name': 'Satish Hale'}",01p6t000003YBNfAAO,ApexClass,ActivityServiceHandler,,11698,False,0055e000006hNmLAAU,False,0055e000006hNmL
"{'type': 'SourceMember', 'url': '/services/data/v60.0/tooling/sobjects/SourceMember/0MZ6t0000055tjMGAQ'}",0MZ6t0000055tjMGAQ,"{'attributes': {'type': 'User', 'url': '/services/data/v60.0/tooling/sobjects/User/0055e000006hNmLAAU'}, 'Name': 'Satish Hale'}",01p6t000003YBNgAAO,ApexClass,ActivityServiceHandlerTest,,11699,False,0055e000006hNmLAAU,False,0055e000006hNmL
"{'type': 'SourceMember', 'url': '/services/data/v60.0/tooling/sobjects/SourceMember/0MZ6t0000055tjNGAQ'}",0MZ6t0000055tjNGAQ,"{'attributes': {'type': 'User', 'url': '/services/data/v60.0/tooling/sobjects/User/0055e000006hNmLAAU'}, 'Name': 'Satish Hale'}",01p6t000003YBNhAAO,ApexClass,ActivityTaskCountServiceHandler,,11700,False,0055e000006hNmLAAU,False,0055e000006hNmL
"{'type': 'SourceMember', 'url': '/services/data/v60.0/tooling/sobjects/SourceMember/0MZ6t0000055tjPGAQ'}",0MZ6t0000055tjPGAQ,"{'attributes': {'type': 'User', 'url': '/services/data/v60.0/tooling/sobjects/User/0055e000006hNmLAAU'}, 'Name': 'Satish Hale'}",01p6t000003YBNjAAO,ApexClass,AdditionalDataWrapper,,11702,False,0055e000006hNmLAAU,False,0055e000006hNmL
"{'type': 'SourceMember', 'url': '/services/data/v60.0/tooling/sobjects/SourceMember/0MZ6t0000055tjQGAQ'}",0MZ6t0000055tjQGAQ,"{'attributes': {'type': 'User', 'url': '/services/data/v60.0/tooling/sobjects/User/0055e000006hNmLAAU'}, 'Name': 'Satish Hale'}",01p6t000003YBNkAAO,ApexClass,AggregateResultIterable,,11703,False,0055e000006hNmLAAU,False,0055e000006hNmL
"{'type': 'SourceMember', 'url': '/services/data/v60.0/tooling/sobjects/SourceMember/0MZ6t0000055tjRGAQ'}",0MZ6t0000055tjRGAQ,"{'attributes': {'type': 'User', 'url': '/services/data/v60.0/tooling/sobjects/User/0055e000006hNmLAAU'}, 'Name': 'Satish Hale'}",01p6t000003YBNlAAO,ApexClass,AggregateResultIterator,,11704,False,0055e000006hNmLAAU,False,0055e000006hNmL
"{'type': 'SourceMember', 'url': '/services/data/v60.0/tooling/sobjects/SourceMember/0MZ8I00000D1IRWWA3'}",0MZ8I00000D1IRWWA3,"{'attributes': {'type': 'User', 'url': '/services/data/v60.0/tooling/sobjects/User/0055e000006hNmLAAU'}, 'Name': 'Satish Hale'}",01p8I0000094DVWQA2,ApexClass,BatchAuditTM,,57411,False,0055e000006hNmLAAU,False,0055e000006hNmL
"{'type': 'SourceMember', 'url': '/services/data/v60.0/tooling/sobjects/SourceMember/0MZ8I00000D1IRXWA3'}",0MZ8I00000D1IRXWA3,"{'attributes': {'type': 'User', 'url': '/services/data/v60.0/tooling/sobjects/User/0055e000006hNmLAAU'}, 'Name': 'Satish Hale'}",01p8I0000094DVXQA2,ApexClass,BatchAuditTMHelper,,57412,False,0055e000006hNmLAAU,False,0055e000006hNmL
"{'type': 'SourceMember', 'url': '/services/data/v60.0/tooling/sobjects/SourceMember/0MZ8I00000D1IRYWA3'}",0MZ8I00000D1IRYWA3,"{'attributes': {'type': 'User', 'url': '/services/data/v60.0/tooling/sobjects/User/0055e000006hNmLAAU'}, 'Name': 'Satish Hale'}",01p8I0000094DVYQA2,ApexClass,BatchAuditTMScheduler,,57413,False,0055e000006hNmLAAU,False,0055e000006hNmL
"{'type': 'SourceMember', 'url': '/services/data/v60.0/tooling/sobjects/SourceMember/0MZ8I00000D1IRZWA3'}",0MZ8I00000D1IRZWA3,"{'attributes': {'type': 'User', 'url': '/services/data/v60.0/tooling/sobjects/User/0055e000006hNmLAAU'}, 'Name': 'Satish Hale'}",01p8I0000094DVZQA2,ApexClass,BatchAuditTMTest,,57414,False,0055e000006hNmLAAU,False,0055e000006hNmL
"{'type': 'SourceMember', 'url': '/services/data/v60.0/tooling/sobjects/SourceMember/0MZ6t0000055tjiGAA'}",0MZ6t0000055tjiGAA,"{'attributes': {'type': 'User', 'url': '/services/data/v60.0/tooling/sobjects/User/0055e000006hNmLAAU'}, 'Name': 'Satish Hale'}",01p6t000003YBO2AAO,ApexClass,BatchToDeleteDraftQuote,,11721,False,0055e000006hNmLAAU,False,0055e000006hNmL
"{'type': 'SourceMember', 'url': '/services/data/v60.0/tooling/sobjects/SourceMember/0MZ6t0000055tjlGAA'}",0MZ6t0000055tjlGAA,"{'attributes': {'type': 'User', 'url': '/services/data/v60.0/tooling/sobjects/User/0055e000006hNmLAAU'}, 'Name': 'Satish Hale'}",01p6t000003YBO5AAO,ApexClass,BatchToUpdateCurrencyToUsdSchedulable,,11724,False,0055e000006hNmLAAU,False,0055e000006hNmL
"{'type': 'SourceMember', 'url': '/services/data/v60.0/tooling/sobjects/SourceMember/0MZ8M000000HlVxWAK'}",0MZ8M000000HlVxWAK,"{'attributes': {'type': 'User', 'url': '/services/data/v60.0/tooling/sobjects/User/0055e000006hNmLAAU'}, 'Name': 'Satish Hale'}",01p8M000000IclIQAS,ApexClass,BatchUpdateAccountNameOnLead,,291642,True,0055e000006hNmLAAU,False,0055e000006hNmL
"{'type': 'SourceMember', 'url': '/services/data/v60.0/tooling/sobjects/SourceMember/0MZ8M000000HlVyWAK'}",0MZ8M000000HlVyWAK,"{'attributes': {'type': 'User', 'url': '/services/data/v60.0/tooling/sobjects/User/0055e000006hNmLAAU'}, 'Name': 'Satish Hale'}",01p8M000000IclJQAS,ApexClass,BatchUpdateExistingContactOnLead,,291637,True,0055e000006hNmLAAU,False,0055e000006hNmL
"{'type': 'SourceMember', 'url': '/services/data/v60.0/tooling/sobjects/SourceMember/0MZ8M000000HlVzWAK'}",0MZ8M000000HlVzWAK,"{'attributes': {'type': 'User', 'url': '/services/data/v60.0/tooling/sobjects/User/0055e000006hNmLAAU'}, 'Name': 'Satish Hale'}",01p8M000000IclKQAS,ApexClass,BatchUserPreferenceUpdateForAccountName,,291638,True,0055e000006hNmLAAU,False,0055e000006hNmL
"{'type': 'SourceMember', 'url': '/services/data/v60.0/tooling/sobjects/SourceMember/0MZ8M000000HlW0WAK'}",0MZ8M000000HlW0WAK,"{'attributes': {'type': 'User', 'url': '/services/data/v60.0/tooling/sobjects/User/0055e000006hNmLAAU'}, 'Name': 'Satish Hale'}",01p8M000000IclLQAS,ApexClass,BatchUserPreferenceUpdateForContact,,291636,True,0055e000006hNmLAAU,False,0055e000006hNmL
"{'type': 'SourceMember', 'url': '/services/data/v60.0/tooling/sobjects/SourceMember/0MZ6t0000055tjvGAA'}",0MZ6t0000055tjvGAA,"{'attributes': {'type': 'User', 'url': '/services/data/v60.0/tooling/sobjects/User/0055e000006hNmLAAU'}, 'Name': 'Satish Hale'}",01p5e00000avgsoAAA,ApexClass,CTA_TechnicalProfiledTriggerHandler,,11734,False,0055e000006hNmLAAU,False,0055e000006hNmL
"{'type': 'SourceMember', 'url': '/services/data/v60.0/tooling/sobjects/SourceMember/0MZ6t0000055tk3GAA'}",0MZ6t0000055tk3GAA,"{'attributes': {'type': 'User', 'url': '/services/data/v60.0/tooling/sobjects/User/0055e000006hNmLAAU'}, 'Name': 'Satish Hale'}",01p6t000003YBOHAA4,ApexClass,CanvasAppEventControllerTest,,11742,False,0055e000006hNmLAAU,False,0055e000006hNmL
"{'type': 'SourceMember', 'url': '/services/data/v60.0/tooling/sobjects/SourceMember/0MZ6t0000055tk8GAA'}",0MZ6t0000055tk8GAA,"{'attributes': {'type': 'User', 'url': '/services/data/v60.0/tooling/sobjects/User/0055e000006hNmLAAU'}, 'Name': 'Satish Hale'}",01p6t000003YBOMAA4,ApexClass,Column,,11747,False,0055e000006hNmLAAU,False,0055e000006hNmL
"{'type': 'SourceMember', 'url': '/services/data/v60.0/tooling/sobjects/SourceMember/0MZ6t0000055tk9GAA'}",0MZ6t0000055tk9GAA,"{'attributes': {'type': 'User', 'url': '/services/data/v60.0/tooling/sobjects/User/0055e000006hNmLAAU'}, 'Name': 'Satish Hale'}",01p5e00000avgspAAA,ApexClass,CountryStateCodeHandler,,11748,False,0055e000006hNmLAAU,False,0055e000006hNmL
"{'type': 'SourceMember', 'url': '/services/data/v60.0/tooling/sobjects/SourceMember/0MZ6t0000055tkAGAQ'}",0MZ6t0000055tkAGAQ,"{'attributes': {'type': 'User', 'url': '/services/data/v60.0/tooling/sobjects/User/0055e000006hNmLAAU'}, 'Name': 'Satish Hale'}",01p5e00000avgsqAAA,ApexClass,CountryStateCodeHandlerTest,,11749,False,0055e000006hNmLAAU,False,0055e000006hNmL
"{'type': 'SourceMember', 'url': '/services/data/v60.0/tooling/sobjects/SourceMember/0MZ6t0000055tkBGAQ'}",0MZ6t0000055tkBGAQ,"{'attributes': {'type': 'User', 'url': '/services/data/v60.0/tooling/sobjects/User/0055e000006hNmLAAU'}, 'Name': 'Satish Hale'}",01p6t000003YBONAA4,ApexClass,CreateProposalQuoteRequestWrapper,,11750,False,0055e000006hNmLAAU,False,0055e000006hNmL
"{'type': 'SourceMember', 'url': '/services/data/v60.0/tooling/sobjects/SourceMember/0MZ6t0000055tkCGAQ'}",0MZ6t0000055tkCGAQ,"{'attributes': {'type': 'User', 'url': '/services/data/v60.0/tooling/sobjects/User/0055e000006hNmLAAU'}, 'Name': 'Satish Hale'}",01p6t000003YBOOAA4,ApexClass,CreateProposalQuoteResponseWrapper,,11751,False,0055e000006hNmLAAU,False,0055e000006hNmL
"{'type': 'SourceMember', 'url': '/services/data/v60.0/tooling/sobjects/SourceMember/0MZ6t0000055tkMGAQ'}",0MZ6t0000055tkMGAQ,"{'attributes': {'type': 'User', 'url': '/services/data/v60.0/tooling/sobjects/User/0055e000006hNmLAAU'}, 'Name': 'Satish Hale'}",01p6t000003YBOYAA4,ApexClass,CustomAddProductLWCHelperTest,,11761,False,0055e000006hNmLAAU,False,0055e000006hNmL
"{'type': 'SourceMember', 'url': '/services/data/v60.0/tooling/sobjects/SourceMember/0MZ6t0000055tkNGAQ'}",0MZ6t0000055tkNGAQ,"{'attributes': {'type': 'User', 'url': '/services/data/v60.0/tooling/sobjects/User/0055e000006hNmLAAU'}, 'Name': 'Satish Hale'}",01p6t000003YBOZAA4,ApexClass,CustomDataController,,11762,False,0055e000006hNmLAAU,False,0055e000006hNmL
"{'type': 'SourceMember', 'url': '/services/data/v60.0/tooling/sobjects/SourceMember/0MZ6t0000055tkOGAQ'}",0MZ6t0000055tkOGAQ,"{'attributes': {'type': 'User', 'url': '/services/data/v60.0/tooling/sobjects/User/0055e000006hNmLAAU'}, 'Name': 'Satish Hale'}",01p6t000003YBOaAAO,ApexClass,CustomDataController_Test,,11763,False,0055e000006hNmLAAU,False,0055e000006hNmL
"{'type': 'SourceMember', 'url': '/services/data/v60.0/tooling/sobjects/SourceMember/0MZ6t0000055tkQGAQ'}",0MZ6t0000055tkQGAQ,"{'attributes': {'type': 'User', 'url': '/services/data/v60.0/tooling/sobjects/User/0055e000006hNmLAAU'}, 'Name': 'Satish Hale'}",01p6t000003YBOcAAO,ApexClass,CustomDataProviderDataSourceProvider,,11765,False,0055e000006hNmLAAU,False,0055e000006hNmL
"{'type': 'SourceMember', 'url': '/services/data/v60.0/tooling/sobjects/SourceMember/0MZ6t0000055tkRGAQ'}",0MZ6t0000055tkRGAQ,"{'attributes': {'type': 'User', 'url': '/services/data/v60.0/tooling/sobjects/User/0055e000006hNmLAAU'}, 'Name': 'Satish Hale'}",01p6t000003YBOdAAO,ApexClass,CustomDataProviderDataSourceProviderTest,,11766,False,0055e000006hNmLAAU,False,0055e000006hNmL
"{'type': 'SourceMember', 'url': '/services/data/v60.0/tooling/sobjects/SourceMember/0MZ6t0000055tkSGAQ'}",0MZ6t0000055tkSGAQ,"{'attributes': {'type': 'User', 'url': '/services/data/v60.0/tooling/sobjects/User/0055e000006hNmLAAU'}, 'Name': 'Satish Hale'}",01p6t000003YBOeAAO,ApexClass,CustomDataProvider_Test,,11767,False,0055e000006hNmLAAU,False,0055e000006hNmL
"{'type': 'SourceMember', 'url': '/services/data/v60.0/tooling/sobjects/SourceMember/0MZ6t0000055tkUGAQ'}",0MZ6t0000055tkUGAQ,"{'attributes': {'type': 'User', 'url': '/services/data/v60.0/tooling/sobjects/User/0055e000006hNmLAAU'}, 'Name': 'Satish Hale'}",01p5e00000avgsrAAA,ApexClass,CustomHighlightPanelController,,11769,False,0055e000006hNmLAAU,False,0055e000006hNmL
"{'type': 'SourceMember', 'url': '/services/data/v60.0/tooling/sobjects/SourceMember/0MZ6t0000055tkXGAQ'}",0MZ6t0000055tkXGAQ,"{'attributes': {'type': 'User', 'url': '/services/data/v60.0/tooling/sobjects/User/0055e000006hNmLAAU'}, 'Name': 'Satish Hale'}",01p6t000003YBOhAAO,ApexClass,CustomLookupQuoteController_Test,,11772,False,0055e000006hNmLAAU,False,0055e000006hNmL
"{'type': 'SourceMember', 'url': '/services/data/v60.0/tooling/sobjects/SourceMember/0MZ6t0000055tkbGAA'}",0MZ6t0000055tkbGAA,"{'attributes': {'type': 'User', 'url': '/services/data/v60.0/tooling/sobjects/User/0055e000006hNmLAAU'}, 'Name': 'Satish Hale'}",01p6t000003YBOlAAO,ApexClass,DocumentReferenceWrapper,,11776,False,0055e000006hNmLAAU,False,0055e000006hNmL
"{'type': 'SourceMember', 'url': '/services/data/v60.0/tooling/sobjects/SourceMember/0MZ6t0000055tkhGAA'}",0MZ6t0000055tkhGAA,"{'attributes': {'type': 'User', 'url': '/services/data/v60.0/tooling/sobjects/User/0055e000006hNmLAAU'}, 'Name': 'Satish Hale'}",01p6t000003YBOpAAO,ApexClass,EditActionQLI_Controller,,11782,False,0055e000006hNmLAAU,False,0055e000006hNmL
"{'type': 'SourceMember', 'url': '/services/data/v60.0/tooling/sobjects/SourceMember/0MZ6t0000055tkkGAA'}",0MZ6t0000055tkkGAA,"{'attributes': {'type': 'User', 'url': '/services/data/v60.0/tooling/sobjects/User/0055e000006hNmLAAU'}, 'Name': 'Satish Hale'}",01p6t000003YBOsAAO,ApexClass,EmailDigestEmailSenderUtilityForLeadSLA,,11785,False,0055e000006hNmLAAU,False,0055e000006hNmL
"{'type': 'SourceMember', 'url': '/services/data/v60.0/tooling/sobjects/SourceMember/0MZ6t0000055tknGAA'}",0MZ6t0000055tknGAA,"{'attributes': {'type': 'User', 'url': '/services/data/v60.0/tooling/sobjects/User/0055e000006hNmLAAU'}, 'Name': 'Satish Hale'}",01p6t000003YBOvAAO,ApexClass,EmailDigestTriggerHelper,,11788,False,0055e000006hNmLAAU,False,0055e000006hNmL
"{'type': 'SourceMember', 'url': '/services/data/v60.0/tooling/sobjects/SourceMember/0MZ6t0000055tkoGAA'}",0MZ6t0000055tkoGAA,"{'attributes': {'type': 'User', 'url': '/services/data/v60.0/tooling/sobjects/User/0055e000006hNmLAAU'}, 'Name': 'Satish Hale'}",01p6t000003YBOwAAO,ApexClass,EmailDigestTriggerHelperTest,,11789,False,0055e000006hNmLAAU,False,0055e000006hNmL
"{'type': 'SourceMember', 'url': '/services/data/v60.0/tooling/sobjects/SourceMember/0MZ6t0000055tkpGAA'}",0MZ6t0000055tkpGAA,"{'attributes': {'type': 'User', 'url': '/services/data/v60.0/tooling/sobjects/User/0055e000006hNmLAAU'}, 'Name': 'Satish Hale'}",01p6t000003YBOxAAO,ApexClass,EntryExitDateAndSkipStageAutomation,,11790,False,0055e000006hNmLAAU,False,0055e000006hNmL
"{'type': 'SourceMember', 'url': '/services/data/v60.0/tooling/sobjects/SourceMember/0MZ6t0000055tkqGAA'}",0MZ6t0000055tkqGAA,"{'attributes': {'type': 'User', 'url': '/services/data/v60.0/tooling/sobjects/User/0055e000006hNmLAAU'}, 'Name': 'Satish Hale'}",01p6t000003YBOyAAO,ApexClass,EntryExitDateAndSkipStageUtility,,11791,False,0055e000006hNmLAAU,False,0055e000006hNmL
"{'type': 'SourceMember', 'url': '/services/data/v60.0/tooling/sobjects/SourceMember/0MZ6t0000055tksGAA'}",0MZ6t0000055tksGAA,"{'attributes': {'type': 'User', 'url': '/services/data/v60.0/tooling/sobjects/User/0055e000006hNmLAAU'}, 'Name': 'Satish Hale'}",01p6t000003YBP0AAO,ApexClass,FormLayout,,11793,False,0055e000006hNmLAAU,False,0055e000006hNmL
"{'type': 'SourceMember', 'url': '/services/data/v60.0/tooling/sobjects/SourceMember/0MZ8I00000HUn9uWAD'}",0MZ8I00000HUn9uWAD,"{'attributes': {'type': 'User', 'url': '/services/data/v60.0/tooling/sobjects/User/0055e000006hNmLAAU'}, 'Name': 'Satish Hale'}",01p8I00000CU0RtQAL,ApexClass,GoalGroupChangeEventTriggerHandler,,212062,False,0055e000006hNmLAAU,False,0055e000006hNmL
"{'type': 'SourceMember', 'url': '/services/data/v60.0/tooling/sobjects/SourceMember/0MZ6t0000055tl0GAA'}",0MZ6t0000055tl0GAA,"{'attributes': {'type': 'User', 'url': '/services/data/v60.0/tooling/sobjects/User/0055e000006hNmLAAU'}, 'Name': 'Satish Hale'}",01p5e00000avgswAAA,ApexClass,HVS_RemoveSalesCadenceFromLeadMock,,11801,False,0055e000006hNmLAAU,False,0055e000006hNmL
"{'type': 'SourceMember', 'url': '/services/data/v60.0/tooling/sobjects/SourceMember/0MZ6t0000055tl2GAA'}",0MZ6t0000055tl2GAA,"{'attributes': {'type': 'User', 'url': '/services/data/v60.0/tooling/sobjects/User/0055e000006hNmLAAU'}, 'Name': 'Satish Hale'}",01p6t000003YBP6AAO,ApexClass,HardwareProductsUpdateUtility,,11803,False,0055e000006hNmLAAU,False,0055e000006hNmL
"{'type': 'SourceMember', 'url': '/services/data/v60.0/tooling/sobjects/SourceMember/0MZ6t0000055tl3GAA'}",0MZ6t0000055tl3GAA,"{'attributes': {'type': 'User', 'url': '/services/data/v60.0/tooling/sobjects/User/0055e000006hNmLAAU'}, 'Name': 'Satish Hale'}",01p5e00000avgsyAAA,ApexClass,HierarchyNode,,11804,False,0055e000006hNmLAAU,False,0055e000006hNmL
"{'type': 'SourceMember', 'url': '/services/data/v60.0/tooling/sobjects/SourceMember/0MZ6t0000055tl4GAA'}",0MZ6t0000055tl4GAA,"{'attributes': {'type': 'User', 'url': '/services/data/v60.0/tooling/sobjects/User/0055e000006hNmLAAU'}, 'Name': 'Satish Hale'}",01p5e00000YuxyfAAB,ApexClass,ITrigger,,11805,False,0055e000006hNmLAAU,False,0055e000006hNmL
"{'type': 'SourceMember', 'url': '/services/data/v60.0/tooling/sobjects/SourceMember/0MZ6t0000055tl5GAA'}",0MZ6t0000055tl5GAA,"{'attributes': {'type': 'User', 'url': '/services/data/v60.0/tooling/sobjects/User/0055e000006hNmLAAU'}, 'Name': 'Satish Hale'}",01p6t000003YBP7AAO,ApexClass,IconUtils,,11806,False,0055e000006hNmLAAU,False,0055e000006hNmL
"{'type': 'SourceMember', 'url': '/services/data/v60.0/tooling/sobjects/SourceMember/0MZ6t0000055tlFGAQ'}",0MZ6t0000055tlFGAQ,"{'attributes': {'type': 'User', 'url': '/services/data/v60.0/tooling/sobjects/User/0055e000006hNmLAAU'}, 'Name': 'Satish Hale'}",01p6t000003YBPGAA4,ApexClass,LeaseWrapper,,11816,False,0055e000006hNmLAAU,False,0055e000006hNmL
"{'type': 'SourceMember', 'url': '/services/data/v60.0/tooling/sobjects/SourceMember/0MZ6t0000055tlGGAQ'}",0MZ6t0000055tlGGAQ,"{'attributes': {'type': 'User', 'url': '/services/data/v60.0/tooling/sobjects/User/0055e000006hNmLAAU'}, 'Name': 'Satish Hale'}",01p6t000003YBPHAA4,ApexClass,LightingResponseWrapper,,11817,False,0055e000006hNmLAAU,False,0055e000006hNmL
"{'type': 'SourceMember', 'url': '/services/data/v60.0/tooling/sobjects/SourceMember/0MZ6t0000055tlHGAQ'}",0MZ6t0000055tlHGAQ,"{'attributes': {'type': 'User', 'url': '/services/data/v60.0/tooling/sobjects/User/0055e000006hNmLAAU'}, 'Name': 'Satish Hale'}",01p5e00000avgEzAAI,ApexClass,LightningForgotPasswordController,,11818,False,0055e000006hNmLAAU,False,0055e000006hNmL
"{'type': 'SourceMember', 'url': '/services/data/v60.0/tooling/sobjects/SourceMember/0MZ6t0000055tlIGAQ'}",0MZ6t0000055tlIGAQ,"{'attributes': {'type': 'User', 'url': '/services/data/v60.0/tooling/sobjects/User/0055e000006hNmLAAU'}, 'Name': 'Satish Hale'}",01p5e00000avgF2AAI,ApexClass,LightningForgotPasswordControllerTest,,11819,False,0055e000006hNmLAAU,False,0055e000006hNmL
"{'type': 'SourceMember', 'url': '/services/data/v60.0/tooling/sobjects/SourceMember/0MZ6t0000055tlJGAQ'}",0MZ6t0000055tlJGAQ,"{'attributes': {'type': 'User', 'url': '/services/data/v60.0/tooling/sobjects/User/0055e000006hNmLAAU'}, 'Name': 'Satish Hale'}",01p5e00000avgF0AAI,ApexClass,LightningLoginFormController,,11820,False,0055e000006hNmLAAU,False,0055e000006hNmL
"{'type': 'SourceMember', 'url': '/services/data/v60.0/tooling/sobjects/SourceMember/0MZ6t0000055tlKGAQ'}",0MZ6t0000055tlKGAQ,"{'attributes': {'type': 'User', 'url': '/services/data/v60.0/tooling/sobjects/User/0055e000006hNmLAAU'}, 'Name': 'Satish Hale'}",01p5e00000avgF1AAI,ApexClass,LightningLoginFormControllerTest,,11821,False,0055e000006hNmLAAU,False,0055e000006hNmL
"{'type': 'SourceMember', 'url': '/services/data/v60.0/tooling/sobjects/SourceMember/0MZ6t0000055tlLGAQ'}",0MZ6t0000055tlLGAQ,"{'attributes': {'type': 'User', 'url': '/services/data/v60.0/tooling/sobjects/User/0055e000006hNmLAAU'}, 'Name': 'Satish Hale'}",01p5e00000avgEyAAI,ApexClass,LightningSelfRegisterController,,11822,False,0055e000006hNmLAAU,False,0055e000006hNmL
"{'type': 'SourceMember', 'url': '/services/data/v60.0/tooling/sobjects/SourceMember/0MZ6t0000055tlQGAQ'}",0MZ6t0000055tlQGAQ,"{'attributes': {'type': 'User', 'url': '/services/data/v60.0/tooling/sobjects/User/0055e000006hNmLAAU'}, 'Name': 'Satish Hale'}",01p6t000003YBPLAA4,ApexClass,MetaDataUtility,,11827,False,0055e000006hNmLAAU,False,0055e000006hNmL
"{'type': 'SourceMember', 'url': '/services/data/v60.0/tooling/sobjects/SourceMember/0MZ6t0000055tlYGAQ'}",0MZ6t0000055tlYGAQ,"{'attributes': {'type': 'User', 'url': '/services/data/v60.0/tooling/sobjects/User/0055e000006hNmLAAU'}, 'Name': 'Satish Hale'}",01p5e00000avgt7AAA,ApexClass,OMF_MemberExpiryDateAutomationBatch,,11835,False,0055e000006hNmLAAU,False,0055e000006hNmL
"{'type': 'SourceMember', 'url': '/services/data/v60.0/tooling/sobjects/SourceMember/0MZ6t0000055tlaGAA'}",0MZ6t0000055tlaGAA,"{'attributes': {'type': 'User', 'url': '/services/data/v60.0/tooling/sobjects/User/0055e000006hNmLAAU'}, 'Name': 'Satish Hale'}",01p5e00000avgt9AAA,ApexClass,OMF_MemberExpiryDateAutomationScheduler,,11837,False,0055e000006hNmLAAU,False,0055e000006hNmL
"{'type': 'SourceMember', 'url': '/services/data/v60.0/tooling/sobjects/SourceMember/0MZ6t0000055tlbGAA'}",0MZ6t0000055tlbGAA,"{'attributes': {'type': 'User', 'url': '/services/data/v60.0/tooling/sobjects/User/0055e000006hNmLAAU'}, 'Name': 'Satish Hale'}",01p5e00000avgtAAAQ,ApexClass,OMF_OpportunityContactRoleTriggerHandler,,11838,False,0055e000006hNmLAAU,False,0055e000006hNmL
"{'type': 'SourceMember', 'url': '/services/data/v60.0/tooling/sobjects/SourceMember/0MZ6t0000055tlhGAA'}",0MZ6t0000055tlhGAA,"{'attributes': {'type': 'User', 'url': '/services/data/v60.0/tooling/sobjects/User/0055e000006hNmLAAU'}, 'Name': 'Satish Hale'}",01p6t000003YBPOAA4,ApexClass,OMF_OpportunityLostAutomationScheduler,,11844,False,0055e000006hNmLAAU,False,0055e000006hNmL
"{'type': 'SourceMember', 'url': '/services/data/v60.0/tooling/sobjects/SourceMember/0MZ6t0000055tljGAA'}",0MZ6t0000055tljGAA,"{'attributes': {'type': 'User', 'url': '/services/data/v60.0/tooling/sobjects/User/0055e000006hNmLAAU'}, 'Name': 'Satish Hale'}",01p5e00000avgtFAAQ,ApexClass,OMF_OpportunityPartnerUpdateHandlerTest,,39721,False,0055e000006hNmLAAU,False,0055e000006hNmL
"{'type': 'SourceMember', 'url': '/services/data/v60.0/tooling/sobjects/SourceMember/0MZ6t0000055tlkGAA'}",0MZ6t0000055tlkGAA,"{'attributes': {'type': 'User', 'url': '/services/data/v60.0/tooling/sobjects/User/0055e000006hNmLAAU'}, 'Name': 'Satish Hale'}",01p5e00000avgtGAAQ,ApexClass,OMF_OpportunityTeamTriggerHandler,,11847,False,0055e000006hNmLAAU,False,0055e000006hNmL
"{'type': 'SourceMember', 'url': '/services/data/v60.0/tooling/sobjects/SourceMember/0MZ6t0000055tloGAA'}",0MZ6t0000055tloGAA,"{'attributes': {'type': 'User', 'url': '/services/data/v60.0/tooling/sobjects/User/0055e000006hNmLAAU'}, 'Name': 'Satish Hale'}",01p6t000003YBPPAA4,ApexClass,OMF_OrderTriggerHandler,,11851,False,0055e000006hNmLAAU,False,0055e000006hNmL
"{'type': 'SourceMember', 'url': '/services/data/v60.0/tooling/sobjects/SourceMember/0MZ6t0000055tlpGAA'}",0MZ6t0000055tlpGAA,"{'attributes': {'type': 'User', 'url': '/services/data/v60.0/tooling/sobjects/User/0055e000006hNmLAAU'}, 'Name': 'Satish Hale'}",01p6t000003YBPQAA4,ApexClass,OMF_OrderTriggerTest,,11852,False,0055e000006hNmLAAU,False,0055e000006hNmL
"{'type': 'SourceMember', 'url': '/services/data/v60.0/tooling/sobjects/SourceMember/0MZ6t0000055tluGAA'}",0MZ6t0000055tluGAA,"{'attributes': {'type': 'User', 'url': '/services/data/v60.0/tooling/sobjects/User/0055e000006hNmLAAU'}, 'Name': 'Satish Hale'}",01p5e00000avgtOAAQ,ApexClass,OMF_PartnerDeletionServiceChildClass,,11857,False,0055e000006hNmLAAU,False,0055e000006hNmL
"{'type': 'SourceMember', 'url': '/services/data/v60.0/tooling/sobjects/SourceMember/0MZ6t0000055tlzGAA'}",0MZ6t0000055tlzGAA,"{'attributes': {'type': 'User', 'url': '/services/data/v60.0/tooling/sobjects/User/0055e000006hNmLAAU'}, 'Name': 'Satish Hale'}",01p6t000003YBPRAA4,ApexClass,OMF_QuoteTriggerHandler,,11862,False,0055e000006hNmLAAU,False,0055e000006hNmL
"{'type': 'SourceMember', 'url': '/services/data/v60.0/tooling/sobjects/SourceMember/0MZ6t0000055tm9GAA'}",0MZ6t0000055tm9GAA,"{'attributes': {'type': 'User', 'url': '/services/data/v60.0/tooling/sobjects/User/0055e000006hNmLAAU'}, 'Name': 'Satish Hale'}",01p6t000003YBPVAA4,ApexClass,OpportunityCloneController,,39958,False,0055e000006hNmLAAU,False,0055e000006hNmL
"{'type': 'SourceMember', 'url': '/services/data/v60.0/tooling/sobjects/SourceMember/0MZ6t0000055tmBGAQ'}",0MZ6t0000055tmBGAQ,"{'attributes': {'type': 'User', 'url': '/services/data/v60.0/tooling/sobjects/User/0055e000006hNmLAAU'}, 'Name': 'Satish Hale'}",01p6t000003YBPXAA4,ApexClass,OpportunityCloneServiceHandler,,11874,False,0055e000006hNmLAAU,False,0055e000006hNmL
"{'type': 'SourceMember', 'url': '/services/data/v60.0/tooling/sobjects/SourceMember/0MZ6t0000055tmIGAQ'}",0MZ6t0000055tmIGAQ,"{'attributes': {'type': 'User', 'url': '/services/data/v60.0/tooling/sobjects/User/0055e000006hNmLAAU'}, 'Name': 'Satish Hale'}",01p6t000003YBPeAAO,ApexClass,PEMLightDeprioritionEmailTeam_Queueable,,11881,False,0055e000006hNmLAAU,False,0055e000006hNmL
"{'type': 'SourceMember', 'url': '/services/data/v60.0/tooling/sobjects/SourceMember/0MZ6t0000055tmMGAQ'}",0MZ6t0000055tmMGAQ,"{'attributes': {'type': 'User', 'url': '/services/data/v60.0/tooling/sobjects/User/0055e000006hNmLAAU'}, 'Name': 'Satish Hale'}",01p6t000003YBPiAAO,ApexClass,PEMManualEntryLogEmailTeam_Queueable,,11885,False,0055e000006hNmLAAU,False,0055e000006hNmL
"{'type': 'SourceMember', 'url': '/services/data/v60.0/tooling/sobjects/SourceMember/0MZ6t0000055tmSGAQ'}",0MZ6t0000055tmSGAQ,"{'attributes': {'type': 'User', 'url': '/services/data/v60.0/tooling/sobjects/User/0055e000006hNmLAAU'}, 'Name': 'Satish Hale'}",01p5e00000avgtaAAA,ApexClass,PP_BatchClassForEmailsTest,,11891,False,0055e000006hNmLAAU,False,0055e000006hNmL
"{'type': 'SourceMember', 'url': '/services/data/v60.0/tooling/sobjects/SourceMember/0MZ6t0000055tmUGAQ'}",0MZ6t0000055tmUGAQ,"{'attributes': {'type': 'User', 'url': '/services/data/v60.0/tooling/sobjects/User/0055e000006hNmLAAU'}, 'Name': 'Satish Hale'}",01p5e00000avgtcAAA,ApexClass,PP_FulfillLineItem_ServiceLayerHandler,,17117,False,0055e000006hNmLAAU,False,0055e000006hNmL
"{'type': 'SourceMember', 'url': '/services/data/v60.0/tooling/sobjects/SourceMember/0MZ6t0000055tmVGAQ'}",0MZ6t0000055tmVGAQ,"{'attributes': {'type': 'User', 'url': '/services/data/v60.0/tooling/sobjects/User/0055e000006hNmLAAU'}, 'Name': 'Satish Hale'}",01p5e00000avgtdAAA,ApexClass,PP_FulfillemtLineItem_IBusinessLayer,,11894,False,0055e000006hNmLAAU,False,0055e000006hNmL
"{'type': 'SourceMember', 'url': '/services/data/v60.0/tooling/sobjects/SourceMember/0MZ6t0000055tmaGAA'}",0MZ6t0000055tmaGAA,"{'attributes': {'type': 'User', 'url': '/services/data/v60.0/tooling/sobjects/User/0055e000006hNmLAAU'}, 'Name': 'Satish Hale'}",01p5e00000avgtiAAA,ApexClass,PP_FulfillmentLineItem_AppLiterals,,11899,False,0055e000006hNmLAAU,False,0055e000006hNmL
"{'type': 'SourceMember', 'url': '/services/data/v60.0/tooling/sobjects/SourceMember/0MZ6t0000055tmcGAA'}",0MZ6t0000055tmcGAA,"{'attributes': {'type': 'User', 'url': '/services/data/v60.0/tooling/sobjects/User/0055e000006hNmLAAU'}, 'Name': 'Satish Hale'}",01p5e00000avgtkAAA,ApexClass,PP_FulfillmentTriggerUtility,,11901,False,0055e000006hNmLAAU,False,0055e000006hNmL
"{'type': 'SourceMember', 'url': '/services/data/v60.0/tooling/sobjects/SourceMember/0MZ6t0000055tmiGAA'}",0MZ6t0000055tmiGAA,"{'attributes': {'type': 'User', 'url': '/services/data/v60.0/tooling/sobjects/User/0055e000006hNmLAAU'}, 'Name': 'Satish Hale'}",01p5e00000avgtqAAA,ApexClass,PP_LeadOwnerCheckWithoutSahring,,11907,False,0055e000006hNmLAAU,False,0055e000006hNmL
"{'type': 'SourceMember', 'url': '/services/data/v60.0/tooling/sobjects/SourceMember/0MZ6t0000055tmjGAA'}",0MZ6t0000055tmjGAA,"{'attributes': {'type': 'User', 'url': '/services/data/v60.0/tooling/sobjects/User/0055e000006hNmLAAU'}, 'Name': 'Satish Hale'}",01p5e00000avgtrAAA,ApexClass,PP_ListViewFulfillment,,11908,False,0055e000006hNmLAAU,False,0055e000006hNmL
"{'type': 'SourceMember', 'url': '/services/data/v60.0/tooling/sobjects/SourceMember/0MZ6t0000055tmkGAA'}",0MZ6t0000055tmkGAA,"{'attributes': {'type': 'User', 'url': '/services/data/v60.0/tooling/sobjects/User/0055e000006hNmLAAU'}, 'Name': 'Satish Hale'}",01p5e00000avgtsAAA,ApexClass,PP_ListViewFulfillmentTest,,11909,False,0055e000006hNmLAAU,False,0055e000006hNmL
"{'type': 'SourceMember', 'url': '/services/data/v60.0/tooling/sobjects/SourceMember/0MZ6t0000055tmmGAA'}",0MZ6t0000055tmmGAA,"{'attributes': {'type': 'User', 'url': '/services/data/v60.0/tooling/sobjects/User/0055e000006hNmLAAU'}, 'Name': 'Satish Hale'}",01p5e00000avgtuAAA,ApexClass,PP_ListViewOpportunity,,11911,False,0055e000006hNmLAAU,False,0055e000006hNmL
"{'type': 'SourceMember', 'url': '/services/data/v60.0/tooling/sobjects/SourceMember/0MZ6t0000055tmnGAA'}",0MZ6t0000055tmnGAA,"{'attributes': {'type': 'User', 'url': '/services/data/v60.0/tooling/sobjects/User/0055e000006hNmLAAU'}, 'Name': 'Satish Hale'}",01p5e00000avgtvAAA,ApexClass,PP_ListViewOpportunityTest,,11912,False,0055e000006hNmLAAU,False,0055e000006hNmL
"{'type': 'SourceMember', 'url': '/services/data/v60.0/tooling/sobjects/SourceMember/0MZ6t0000055tmrGAA'}",0MZ6t0000055tmrGAA,"{'attributes': {'type': 'User', 'url': '/services/data/v60.0/tooling/sobjects/User/0055e000006hNmLAAU'}, 'Name': 'Satish Hale'}",01p5e00000avgtzAAA,ApexClass,PP_NewLeadEmailSchedulableClassTest,,11916,False,0055e000006hNmLAAU,False,0055e000006hNmL
"{'type': 'SourceMember', 'url': '/services/data/v60.0/tooling/sobjects/SourceMember/0MZ6t0000055tn1GAA'}",0MZ6t0000055tn1GAA,"{'attributes': {'type': 'User', 'url': '/services/data/v60.0/tooling/sobjects/User/0055e000006hNmLAAU'}, 'Name': 'Satish Hale'}",01p5e00000avgu9AAA,ApexClass,PP_ReletedListMetadata,,11926,False,0055e000006hNmLAAU,False,0055e000006hNmL
"{'type': 'SourceMember', 'url': '/services/data/v60.0/tooling/sobjects/SourceMember/0MZ6t0000055tn3GAA'}",0MZ6t0000055tn3GAA,"{'attributes': {'type': 'User', 'url': '/services/data/v60.0/tooling/sobjects/User/0055e000006hNmLAAU'}, 'Name': 'Satish Hale'}",01p5e00000avguBAAQ,ApexClass,PP_WithoutSharingController,,11928,False,0055e000006hNmLAAU,False,0055e000006hNmL
"{'type': 'SourceMember', 'url': '/services/data/v60.0/tooling/sobjects/SourceMember/0MZ8M0000000ylwWAA'}",0MZ8M0000000ylwWAA,"{'attributes': {'type': 'User', 'url': '/services/data/v60.0/tooling/sobjects/User/0055e000006hNmLAAU'}, 'Name': 'Satish Hale'}",01p8M0000006BplQAE,ApexClass,PartnerFinancialTriggerHandler,,57418,False,0055e000006hNmLAAU,False,0055e000006hNmL
"{'type': 'SourceMember', 'url': '/services/data/v60.0/tooling/sobjects/SourceMember/0MZ6t0000055tn4GAA'}",0MZ6t0000055tn4GAA,"{'attributes': {'type': 'User', 'url': '/services/data/v60.0/tooling/sobjects/User/0055e000006hNmLAAU'}, 'Name': 'Satish Hale'}",01p6t000003YBPnAAO,ApexClass,PartyWrapper,,11929,False,0055e000006hNmLAAU,False,0055e000006hNmL
"{'type': 'SourceMember', 'url': '/services/data/v60.0/tooling/sobjects/SourceMember/0MZ6t0000055tnGGAQ'}",0MZ6t0000055tnGGAQ,"{'attributes': {'type': 'User', 'url': '/services/data/v60.0/tooling/sobjects/User/0055e000006hNmLAAU'}, 'Name': 'Satish Hale'}",01p6t000003YBPzAAO,ApexClass,PlaybookIngredient,,11941,False,0055e000006hNmLAAU,False,0055e000006hNmL
"{'type': 'SourceMember', 'url': '/services/data/v60.0/tooling/sobjects/SourceMember/0MZ6t0000055tnHGAQ'}",0MZ6t0000055tnHGAQ,"{'attributes': {'type': 'User', 'url': '/services/data/v60.0/tooling/sobjects/User/0055e000006hNmLAAU'}, 'Name': 'Satish Hale'}",01p6t000003YBQ0AAO,ApexClass,PlaybookIngredientTest,,11942,False,0055e000006hNmLAAU,False,0055e000006hNmL
"{'type': 'SourceMember', 'url': '/services/data/v60.0/tooling/sobjects/SourceMember/0MZ6t0000055tnNGAQ'}",0MZ6t0000055tnNGAQ,"{'attributes': {'type': 'User', 'url': '/services/data/v60.0/tooling/sobjects/User/0055e000006hNmLAAU'}, 'Name': 'Satish Hale'}",01p6t000003YBQ6AAO,ApexClass,PredefinedInitiativeTriggerHandler,,11948,False,0055e000006hNmLAAU,False,0055e000006hNmL
"{'type': 'SourceMember', 'url': '/services/data/v60.0/tooling/sobjects/SourceMember/0MZ6t0000055tnSGAQ'}",0MZ6t0000055tnSGAQ,"{'attributes': {'type': 'User', 'url': '/services/data/v60.0/tooling/sobjects/User/0055e000006hNmLAAU'}, 'Name': 'Satish Hale'}",01p6t000003YBQBAA4,ApexClass,PriceBookWrapper,,11953,False,0055e000006hNmLAAU,False,0055e000006hNmL
"{'type': 'SourceMember', 'url': '/services/data/v60.0/tooling/sobjects/SourceMember/0MZ6t0000055tnTGAQ'}",0MZ6t0000055tnTGAQ,"{'attributes': {'type': 'User', 'url': '/services/data/v60.0/tooling/sobjects/User/0055e000006hNmLAAU'}, 'Name': 'Satish Hale'}",01p6t000003YBQCAA4,ApexClass,PriceWrapper,,11954,False,0055e000006hNmLAAU,False,0055e000006hNmL
"{'type': 'SourceMember', 'url': '/services/data/v60.0/tooling/sobjects/SourceMember/0MZ6t0000055tnUGAQ'}",0MZ6t0000055tnUGAQ,"{'attributes': {'type': 'User', 'url': '/services/data/v60.0/tooling/sobjects/User/0055e000006hNmLAAU'}, 'Name': 'Satish Hale'}",01p6t000003YBQDAA4,ApexClass,PrintQuoteWrapper,,11955,False,0055e000006hNmLAAU,False,0055e000006hNmL
"{'type': 'SourceMember', 'url': '/services/data/v60.0/tooling/sobjects/SourceMember/0MZ8I00000H5bOCWAZ'}",0MZ8I00000H5bOCWAZ,"{'attributes': {'type': 'User', 'url': '/services/data/v60.0/tooling/sobjects/User/0055e000006hNmLAAU'}, 'Name': 'Satish Hale'}",01p8I00000ByOqKQAV,ApexClass,ProgramRebateTypeBenefitTriggerTest,353590,353590,True,0055e000006hNmLAAU,False,0055e000006hNmL
"{'type': 'SourceMember', 'url': '/services/data/v60.0/tooling/sobjects/SourceMember/0MZ6t0000055tnbGAA'}",0MZ6t0000055tnbGAA,"{'attributes': {'type': 'User', 'url': '/services/data/v60.0/tooling/sobjects/User/0055e000006hNmLAAU'}, 'Name': 'Satish Hale'}",01p6t000003YBQFAA4,ApexClass,QuoteCloneRequestWrapper,,11958,False,0055e000006hNmLAAU,False,0055e000006hNmL
"{'type': 'SourceMember', 'url': '/services/data/v60.0/tooling/sobjects/SourceMember/0MZ6t0000055tncGAA'}",0MZ6t0000055tncGAA,"{'attributes': {'type': 'User', 'url': '/services/data/v60.0/tooling/sobjects/User/0055e000006hNmLAAU'}, 'Name': 'Satish Hale'}",01p6t000003YBQGAA4,ApexClass,QuoteCloneResponseWrapper,,11959,False,0055e000006hNmLAAU,False,0055e000006hNmL
"{'type': 'SourceMember', 'url': '/services/data/v60.0/tooling/sobjects/SourceMember/0MZ6t000005inm3GAA'}",0MZ6t000005inm3GAA,"{'attributes': {'type': 'User', 'url': '/services/data/v60.0/tooling/sobjects/User/0055e000006hNmLAAU'}, 'Name': 'Satish Hale'}",01p6t0000042p2rAAA,ApexClass,QuoteErrorResponseMock,,17122,False,0055e000006hNmLAAU,False,0055e000006hNmL
"{'type': 'SourceMember', 'url': '/services/data/v60.0/tooling/sobjects/SourceMember/0MZ6t0000055tneGAA'}",0MZ6t0000055tneGAA,"{'attributes': {'type': 'User', 'url': '/services/data/v60.0/tooling/sobjects/User/0055e000006hNmLAAU'}, 'Name': 'Satish Hale'}",01p6t000003YBQIAA4,ApexClass,QuoteErrorUtil,,11961,False,0055e000006hNmLAAU,False,0055e000006hNmL
"{'type': 'SourceMember', 'url': '/services/data/v60.0/tooling/sobjects/SourceMember/0MZ6t0000055tnfGAA'}",0MZ6t0000055tnfGAA,"{'attributes': {'type': 'User', 'url': '/services/data/v60.0/tooling/sobjects/User/0055e000006hNmLAAU'}, 'Name': 'Satish Hale'}",01p6t000003YBQJAA4,ApexClass,QuoteErrorUtil_Test,,11962,False,0055e000006hNmLAAU,False,0055e000006hNmL
"{'type': 'SourceMember', 'url': '/services/data/v60.0/tooling/sobjects/SourceMember/0MZ6t0000055tngGAA'}",0MZ6t0000055tngGAA,"{'attributes': {'type': 'User', 'url': '/services/data/v60.0/tooling/sobjects/User/0055e000006hNmLAAU'}, 'Name': 'Satish Hale'}",01p6t000003YBQKAA4,ApexClass,QuoteIntegrationErrorHandlingWrapper,,11963,False,0055e000006hNmLAAU,False,0055e000006hNmL
"{'type': 'SourceMember', 'url': '/services/data/v60.0/tooling/sobjects/SourceMember/0MZ6t0000055tniGAA'}",0MZ6t0000055tniGAA,"{'attributes': {'type': 'User', 'url': '/services/data/v60.0/tooling/sobjects/User/0055e000006hNmLAAU'}, 'Name': 'Satish Hale'}",01p6t000003YBQMAA4,ApexClass,QuoteLineItemToOLISyncTest,,39963,False,0055e000006hNmLAAU,False,0055e000006hNmL
"{'type': 'SourceMember', 'url': '/services/data/v60.0/tooling/sobjects/SourceMember/0MZ6t0000055tnjGAA'}",0MZ6t0000055tnjGAA,"{'attributes': {'type': 'User', 'url': '/services/data/v60.0/tooling/sobjects/User/0055e000006hNmLAAU'}, 'Name': 'Satish Hale'}",01p6t000003YBQNAA4,ApexClass,QuoteLineItemTriggerHandler,,57422,False,0055e000006hNmLAAU,False,0055e000006hNmL
"{'type': 'SourceMember', 'url': '/services/data/v60.0/tooling/sobjects/SourceMember/0MZ6t0000055tnmGAA'}",0MZ6t0000055tnmGAA,"{'attributes': {'type': 'User', 'url': '/services/data/v60.0/tooling/sobjects/User/0055e000006hNmLAAU'}, 'Name': 'Satish Hale'}",01p6t000003YBQQAA4,ApexClass,QuoteLineWrapper,,11969,False,0055e000006hNmLAAU,False,0055e000006hNmL
"{'type': 'SourceMember', 'url': '/services/data/v60.0/tooling/sobjects/SourceMember/0MZ6t0000055tnnGAA'}",0MZ6t0000055tnnGAA,"{'attributes': {'type': 'User', 'url': '/services/data/v60.0/tooling/sobjects/User/0055e000006hNmLAAU'}, 'Name': 'Satish Hale'}",01p6t000003YBQRAA4,ApexClass,QuoteResponseWrapper,,11970,False,0055e000006hNmLAAU,False,0055e000006hNmL
"{'type': 'SourceMember', 'url': '/services/data/v60.0/tooling/sobjects/SourceMember/0MZ6t0000055tnoGAA'}",0MZ6t0000055tnoGAA,"{'attributes': {'type': 'User', 'url': '/services/data/v60.0/tooling/sobjects/User/0055e000006hNmLAAU'}, 'Name': 'Satish Hale'}",01p6t000003YBQSAA4,ApexClass,QuoteRetractFromCustomerController,,57423,False,0055e000006hNmLAAU,False,0055e000006hNmL
"{'type': 'SourceMember', 'url': '/services/data/v60.0/tooling/sobjects/SourceMember/0MZ6t0000055tnqGAA'}",0MZ6t0000055tnqGAA,"{'attributes': {'type': 'User', 'url': '/services/data/v60.0/tooling/sobjects/User/0055e000006hNmLAAU'}, 'Name': 'Satish Hale'}",01p6t000003YBQUAA4,ApexClass,QuoteRetractFromCustomerRequestWrapper,,11973,False,0055e000006hNmLAAU,False,0055e000006hNmL
"{'type': 'SourceMember', 'url': '/services/data/v60.0/tooling/sobjects/SourceMember/0MZ6t0000055tnrGAA'}",0MZ6t0000055tnrGAA,"{'attributes': {'type': 'User', 'url': '/services/data/v60.0/tooling/sobjects/User/0055e000006hNmLAAU'}, 'Name': 'Satish Hale'}",01p6t000003YBQVAA4,ApexClass,QuoteRetractFromCustomerResponseWrapper,,11974,False,0055e000006hNmLAAU,False,0055e000006hNmL
"{'type': 'SourceMember', 'url': '/services/data/v60.0/tooling/sobjects/SourceMember/0MZ6t0000055tnuGAA'}",0MZ6t0000055tnuGAA,"{'attributes': {'type': 'User', 'url': '/services/data/v60.0/tooling/sobjects/User/0055e000006hNmLAAU'}, 'Name': 'Satish Hale'}",01p6t000003YBQYAA4,ApexClass,QuoteRetrieveRequestWrapper,,11977,False,0055e000006hNmLAAU,False,0055e000006hNmL
"{'type': 'SourceMember', 'url': '/services/data/v60.0/tooling/sobjects/SourceMember/0MZ6t0000055tnvGAA'}",0MZ6t0000055tnvGAA,"{'attributes': {'type': 'User', 'url': '/services/data/v60.0/tooling/sobjects/User/0055e000006hNmLAAU'}, 'Name': 'Satish Hale'}",01p6t000003YBQZAA4,ApexClass,QuoteRetrieveResponseWrapper,,11978,False,0055e000006hNmLAAU,False,0055e000006hNmL
"{'type': 'SourceMember', 'url': '/services/data/v60.0/tooling/sobjects/SourceMember/0MZ6t0000055tnyGAA'}",0MZ6t0000055tnyGAA,"{'attributes': {'type': 'User', 'url': '/services/data/v60.0/tooling/sobjects/User/0055e000006hNmLAAU'}, 'Name': 'Satish Hale'}",01p6t000003YBQcAAO,ApexClass,QuoteSeaRequestWrapper,,11981,False,0055e000006hNmLAAU,False,0055e000006hNmL
"{'type': 'SourceMember', 'url': '/services/data/v60.0/tooling/sobjects/SourceMember/0MZ6t0000055tnzGAA'}",0MZ6t0000055tnzGAA,"{'attributes': {'type': 'User', 'url': '/services/data/v60.0/tooling/sobjects/User/0055e000006hNmLAAU'}, 'Name': 'Satish Hale'}",01p6t000003YBQdAAO,ApexClass,QuoteSeaResponseWrapper,,11982,False,0055e000006hNmLAAU,False,0055e000006hNmL
"{'type': 'SourceMember', 'url': '/services/data/v60.0/tooling/sobjects/SourceMember/0MZ6t0000055to0GAA'}",0MZ6t0000055to0GAA,"{'attributes': {'type': 'User', 'url': '/services/data/v60.0/tooling/sobjects/User/0055e000006hNmLAAU'}, 'Name': 'Satish Hale'}",01p6t000003YBQeAAO,ApexClass,QuoteSeaRetractionController,,57426,False,0055e000006hNmLAAU,False,0055e000006hNmL
"{'type': 'SourceMember', 'url': '/services/data/v60.0/tooling/sobjects/SourceMember/0MZ6t0000055to2GAA'}",0MZ6t0000055to2GAA,"{'attributes': {'type': 'User', 'url': '/services/data/v60.0/tooling/sobjects/User/0055e000006hNmLAAU'}, 'Name': 'Satish Hale'}",01p6t000003YBQgAAO,ApexClass,QuoteSeaRetractionRequestWrapper,,11985,False,0055e000006hNmLAAU,False,0055e000006hNmL
"{'type': 'SourceMember', 'url': '/services/data/v60.0/tooling/sobjects/SourceMember/0MZ6t0000055to4GAA'}",0MZ6t0000055to4GAA,"{'attributes': {'type': 'User', 'url': '/services/data/v60.0/tooling/sobjects/User/0055e000006hNmLAAU'}, 'Name': 'Satish Hale'}",01p6t000003YBQiAAO,ApexClass,QuoteUpdateCustomerStoreRequestWrapper,,11987,False,0055e000006hNmLAAU,False,0055e000006hNmL
"{'type': 'SourceMember', 'url': '/services/data/v60.0/tooling/sobjects/SourceMember/0MZ6t0000055to5GAA'}",0MZ6t0000055to5GAA,"{'attributes': {'type': 'User', 'url': '/services/data/v60.0/tooling/sobjects/User/0055e000006hNmLAAU'}, 'Name': 'Satish Hale'}",01p6t000003YBQjAAO,ApexClass,QuoteUpdateCustomerStoreResponseWrapper,,11988,False,0055e000006hNmLAAU,False,0055e000006hNmL
"{'type': 'SourceMember', 'url': '/services/data/v60.0/tooling/sobjects/SourceMember/0MZ6t0000055toAGAQ'}",0MZ6t0000055toAGAQ,"{'attributes': {'type': 'User', 'url': '/services/data/v60.0/tooling/sobjects/User/0055e000006hNmLAAU'}, 'Name': 'Satish Hale'}",01p6t000003YBQoAAO,ApexClass,QuoteWrapper,,11993,False,0055e000006hNmLAAU,False,0055e000006hNmL
"{'type': 'SourceMember', 'url': '/services/data/v60.0/tooling/sobjects/SourceMember/0MZ8M000000HiGhWAK'}",0MZ8M000000HiGhWAK,"{'attributes': {'type': 'User', 'url': '/services/data/v60.0/tooling/sobjects/User/0055e000006hNmLAAU'}, 'Name': 'Satish Hale'}",01p8M000000IaGaQAK,ApexClass,ReassignContactHandler,,39964,False,0055e000006hNmLAAU,False,0055e000006hNmL
"{'type': 'SourceMember', 'url': '/services/data/v60.0/tooling/sobjects/SourceMember/0MZ8M000000Hs44WAC'}",0MZ8M000000Hs44WAC,"{'attributes': {'type': 'User', 'url': '/services/data/v60.0/tooling/sobjects/User/0055e000006hNmLAAU'}, 'Name': 'Satish Hale'}",01p8M000000IjjBQAS,ApexClass,ReassignDeviceGradeHandler,,39725,False,0055e000006hNmLAAU,False,0055e000006hNmL
"{'type': 'SourceMember', 'url': '/services/data/v60.0/tooling/sobjects/SourceMember/0MZ6t0000055toCGAQ'}",0MZ6t0000055toCGAQ,"{'attributes': {'type': 'User', 'url': '/services/data/v60.0/tooling/sobjects/User/0055e000006hNmLAAU'}, 'Name': 'Satish Hale'}",01p6t000003YBQqAAO,ApexClass,RecordTypeWrapperController,,11995,False,0055e000006hNmLAAU,False,0055e000006hNmL
"{'type': 'SourceMember', 'url': '/services/data/v60.0/tooling/sobjects/SourceMember/0MZ6t0000055toFGAQ'}",0MZ6t0000055toFGAQ,"{'attributes': {'type': 'User', 'url': '/services/data/v60.0/tooling/sobjects/User/0055e000006hNmLAAU'}, 'Name': 'Satish Hale'}",01p6t000003YBQtAAO,ApexClass,RelatedList_Controller,,39965,False,0055e000006hNmLAAU,False,0055e000006hNmL
"{'type': 'SourceMember', 'url': '/services/data/v60.0/tooling/sobjects/SourceMember/0MZ6t0000055toHGAQ'}",0MZ6t0000055toHGAQ,"{'attributes': {'type': 'User', 'url': '/services/data/v60.0/tooling/sobjects/User/0055e000006hNmLAAU'}, 'Name': 'Satish Hale'}",01p6t000003YBQvAAO,ApexClass,RelatedList_Test,,12000,False,0055e000006hNmLAAU,False,0055e000006hNmL
"{'type': 'SourceMember', 'url': '/services/data/v60.0/tooling/sobjects/SourceMember/0MZ6t0000055toKGAQ'}",0MZ6t0000055toKGAQ,"{'attributes': {'type': 'User', 'url': '/services/data/v60.0/tooling/sobjects/User/0055e000006hNmLAAU'}, 'Name': 'Satish Hale'}",01p6t000003YBQyAAO,ApexClass,SalesPlayTriggerHandler,,12003,False,0055e000006hNmLAAU,False,0055e000006hNmL
"{'type': 'SourceMember', 'url': '/services/data/v60.0/tooling/sobjects/SourceMember/0MZ6t0000055toNGAQ'}",0MZ6t0000055toNGAQ,"{'attributes': {'type': 'User', 'url': '/services/data/v60.0/tooling/sobjects/User/0055e000006hNmLAAU'}, 'Name': 'Satish Hale'}",01p6t000003YBR1AAO,ApexClass,SalesPlaysOppRelationTriggServiceHandler,,12006,False,0055e000006hNmLAAU,False,0055e000006hNmL
"{'type': 'SourceMember', 'url': '/services/data/v60.0/tooling/sobjects/SourceMember/0MZ6t0000055toOGAQ'}",0MZ6t0000055toOGAQ,"{'attributes': {'type': 'User', 'url': '/services/data/v60.0/tooling/sobjects/User/0055e000006hNmLAAU'}, 'Name': 'Satish Hale'}",01p6t000003YBR2AAO,ApexClass,SalesPlaysOppRelationshipTriggerHandler,,12007,False,0055e000006hNmLAAU,False,0055e000006hNmL
"{'type': 'SourceMember', 'url': '/services/data/v60.0/tooling/sobjects/SourceMember/0MZ6t0000055toQGAQ'}",0MZ6t0000055toQGAQ,"{'attributes': {'type': 'User', 'url': '/services/data/v60.0/tooling/sobjects/User/0055e000006hNmLAAU'}, 'Name': 'Satish Hale'}",01p6t000003YBR4AAO,ApexClass,SalesRepComponentController,,12009,False,0055e000006hNmLAAU,False,0055e000006hNmL
"{'type': 'SourceMember', 'url': '/services/data/v60.0/tooling/sobjects/SourceMember/0MZ6t0000055toTGAQ'}",0MZ6t0000055toTGAQ,"{'attributes': {'type': 'User', 'url': '/services/data/v60.0/tooling/sobjects/User/0055e000006hNmLAAU'}, 'Name': 'Satish Hale'}",01p5e00000avguDAAQ,ApexClass,ScramblePIIDataScheduler,,12012,False,0055e000006hNmLAAU,False,0055e000006hNmL
"{'type': 'SourceMember', 'url': '/services/data/v60.0/tooling/sobjects/SourceMember/0MZ6t0000055toaGAA'}",0MZ6t0000055toaGAA,"{'attributes': {'type': 'User', 'url': '/services/data/v60.0/tooling/sobjects/User/0055e000006hNmLAAU'}, 'Name': 'Satish Hale'}",01p6t000003YBRAAA4,ApexClass,SortUtil,,12019,False,0055e000006hNmLAAU,False,0055e000006hNmL
"{'type': 'SourceMember', 'url': '/services/data/v60.0/tooling/sobjects/SourceMember/0MZ6t0000055tobGAA'}",0MZ6t0000055tobGAA,"{'attributes': {'type': 'User', 'url': '/services/data/v60.0/tooling/sobjects/User/0055e000006hNmLAAU'}, 'Name': 'Satish Hale'}",01p6t000003YBRBAA4,ApexClass,SortUtilTest,,12020,False,0055e000006hNmLAAU,False,0055e000006hNmL
"{'type': 'SourceMember', 'url': '/services/data/v60.0/tooling/sobjects/SourceMember/0MZ6t0000055tocGAA'}",0MZ6t0000055tocGAA,"{'attributes': {'type': 'User', 'url': '/services/data/v60.0/tooling/sobjects/User/0055e000006hNmLAAU'}, 'Name': 'Satish Hale'}",01p5e00000YuxygAAB,ApexClass,StateAndCountryDependencyUtility,,12021,False,0055e000006hNmLAAU,False,0055e000006hNmL
"{'type': 'SourceMember', 'url': '/services/data/v60.0/tooling/sobjects/SourceMember/0MZ6t0000055todGAA'}",0MZ6t0000055todGAA,"{'attributes': {'type': 'User', 'url': '/services/data/v60.0/tooling/sobjects/User/0055e000006hNmLAAU'}, 'Name': 'Satish Hale'}",01p5e00000YuxyhAAB,ApexClass,StateAndCountryDependencyUtilityTest,,12022,False,0055e000006hNmLAAU,False,0055e000006hNmL
"{'type': 'SourceMember', 'url': '/services/data/v60.0/tooling/sobjects/SourceMember/0MZ8M000000Hs4IWAS'}",0MZ8M000000Hs4IWAS,"{'attributes': {'type': 'User', 'url': '/services/data/v60.0/tooling/sobjects/User/0055e000006hNmLAAU'}, 'Name': 'Satish Hale'}",01p8M000000IjjPQAS,ApexClass,SubscriberSummaryTriggerHandler,,57430,False,0055e000006hNmLAAU,False,0055e000006hNmL
"{'type': 'SourceMember', 'url': '/services/data/v60.0/tooling/sobjects/SourceMember/0MZ8I00000H6EH8WAN'}",0MZ8I00000H6EH8WAN,"{'attributes': {'type': 'User', 'url': '/services/data/v60.0/tooling/sobjects/User/0055e000006hNmLAAU'}, 'Name': 'Satish Hale'}",01p8I00000CSEOWQA5,ApexClass,TMProcessCascadingUpdatesBatch,,369099,False,0055e000006hNmLAAU,False,0055e000006hNmL
"{'type': 'SourceMember', 'url': '/services/data/v60.0/tooling/sobjects/SourceMember/0MZ8I00000H6EH9WAN'}",0MZ8I00000H6EH9WAN,"{'attributes': {'type': 'User', 'url': '/services/data/v60.0/tooling/sobjects/User/0055e000006hNmLAAU'}, 'Name': 'Satish Hale'}",01p8I00000CSEOXQA5,ApexClass,TMProcessCascadingUpdatesBatchTest,,369100,False,0055e000006hNmLAAU,False,0055e000006hNmL
"{'type': 'SourceMember', 'url': '/services/data/v60.0/tooling/sobjects/SourceMember/0MZ8I00000H6EHAWA3'}",0MZ8I00000H6EHAWA3,"{'attributes': {'type': 'User', 'url': '/services/data/v60.0/tooling/sobjects/User/0055e000006hNmLAAU'}, 'Name': 'Satish Hale'}",01p8I00000CSEOYQA5,ApexClass,TMProcessCascadingUpdatesBatchUtility,,369101,False,0055e000006hNmLAAU,False,0055e000006hNmL
"{'type': 'SourceMember', 'url': '/services/data/v60.0/tooling/sobjects/SourceMember/0MZ8I00000K4Og7WAF'}",0MZ8I00000K4Og7WAF,"{'attributes': {'type': 'User', 'url': '/services/data/v60.0/tooling/sobjects/User/0055e000006hNmLAAU'}, 'Name': 'Satish Hale'}",01p8I00000EJErFQAX,ApexClass,TMUpdateLogEntryWithPTCDBatch,,369102,False,0055e000006hNmLAAU,False,0055e000006hNmL
"{'type': 'SourceMember', 'url': '/services/data/v60.0/tooling/sobjects/SourceMember/0MZ8I00000K4Og8WAF'}",0MZ8I00000K4Og8WAF,"{'attributes': {'type': 'User', 'url': '/services/data/v60.0/tooling/sobjects/User/0055e000006hNmLAAU'}, 'Name': 'Satish Hale'}",01p8I00000EJErGQAX,ApexClass,TMUpdateLogEntryWithPTCDBatchScheduler,,369103,False,0055e000006hNmLAAU,False,0055e000006hNmL
"{'type': 'SourceMember', 'url': '/services/data/v60.0/tooling/sobjects/SourceMember/0MZ8I00000K4Og9WAF'}",0MZ8I00000K4Og9WAF,"{'attributes': {'type': 'User', 'url': '/services/data/v60.0/tooling/sobjects/User/0055e000006hNmLAAU'}, 'Name': 'Satish Hale'}",01p8I00000EJErHQAX,ApexClass,TMUpdateLogEntryWithPTCDBatchTest,,369104,False,0055e000006hNmLAAU,False,0055e000006hNmL
"{'type': 'SourceMember', 'url': '/services/data/v60.0/tooling/sobjects/SourceMember/0MZ6t0000055tolGAA'}",0MZ6t0000055tolGAA,"{'attributes': {'type': 'User', 'url': '/services/data/v60.0/tooling/sobjects/User/0055e000006hNmLAAU'}, 'Name': 'Satish Hale'}",01p5e00000avguHAAQ,ApexClass,TM_BatchableGetUpdatedDeletedSchedulable,,12030,False,0055e000006hNmLAAU,False,0055e000006hNmL
"{'type': 'SourceMember', 'url': '/services/data/v60.0/tooling/sobjects/SourceMember/0MZ6t0000055tonGAA'}",0MZ6t0000055tonGAA,"{'attributes': {'type': 'User', 'url': '/services/data/v60.0/tooling/sobjects/User/0055e000006hNmLAAU'}, 'Name': 'Satish Hale'}",01p5e00000avguJAAQ,ApexClass,TM_CommonWrapper,,12032,False,0055e000006hNmLAAU,False,0055e000006hNmL
"{'type': 'SourceMember', 'url': '/services/data/v60.0/tooling/sobjects/SourceMember/0MZ6t0000055torGAA'}",0MZ6t0000055torGAA,"{'attributes': {'type': 'User', 'url': '/services/data/v60.0/tooling/sobjects/User/0055e000006hNmLAAU'}, 'Name': 'Satish Hale'}",01p5e00000avguMAAQ,ApexClass,TM_PreventRecursive,,369105,False,0055e000006hNmLAAU,False,0055e000006hNmL
"{'type': 'SourceMember', 'url': '/services/data/v60.0/tooling/sobjects/SourceMember/0MZ6t0000055tovGAA'}",0MZ6t0000055tovGAA,"{'attributes': {'type': 'User', 'url': '/services/data/v60.0/tooling/sobjects/User/0055e000006hNmLAAU'}, 'Name': 'Satish Hale'}",01p5e00000avguQAAQ,ApexClass,TM_TAA_AppLiterals,,369108,False,0055e000006hNmLAAU,False,0055e000006hNmL
"{'type': 'SourceMember', 'url': '/services/data/v60.0/tooling/sobjects/SourceMember/0MZ6t0000055towGAA'}",0MZ6t0000055towGAA,"{'attributes': {'type': 'User', 'url': '/services/data/v60.0/tooling/sobjects/User/0055e000006hNmLAAU'}, 'Name': 'Satish Hale'}",01p5e00000avguRAAQ,ApexClass,TM_TAA_IBusinessLayer,,12041,False,0055e000006hNmLAAU,False,0055e000006hNmL
"{'type': 'SourceMember', 'url': '/services/data/v60.0/tooling/sobjects/SourceMember/0MZ6t0000055tp3GAA'}",0MZ6t0000055tp3GAA,"{'attributes': {'type': 'User', 'url': '/services/data/v60.0/tooling/sobjects/User/0055e000006hNmLAAU'}, 'Name': 'Satish Hale'}",01p5e00000avguXAAQ,ApexClass,TM_TUATriggerUtility,,12048,False,0055e000006hNmLAAU,False,0055e000006hNmL
"{'type': 'SourceMember', 'url': '/services/data/v60.0/tooling/sobjects/SourceMember/0MZ6t0000055tp5GAA'}",0MZ6t0000055tp5GAA,"{'attributes': {'type': 'User', 'url': '/services/data/v60.0/tooling/sobjects/User/0055e000006hNmLAAU'}, 'Name': 'Satish Hale'}",01p5e00000avguZAAQ,ApexClass,TM_TUA_IBusinessLayer,,12050,False,0055e000006hNmLAAU,False,0055e000006hNmL
"{'type': 'SourceMember', 'url': '/services/data/v60.0/tooling/sobjects/SourceMember/0MZ6t0000055tp6GAA'}",0MZ6t0000055tp6GAA,"{'attributes': {'type': 'User', 'url': '/services/data/v60.0/tooling/sobjects/User/0055e000006hNmLAAU'}, 'Name': 'Satish Hale'}",01p5e00000avguaAAA,ApexClass,TM_TUA_Queueable,,12051,False,0055e000006hNmLAAU,False,0055e000006hNmL
"{'type': 'SourceMember', 'url': '/services/data/v60.0/tooling/sobjects/SourceMember/0MZ6t0000055tp8GAA'}",0MZ6t0000055tp8GAA,"{'attributes': {'type': 'User', 'url': '/services/data/v60.0/tooling/sobjects/User/0055e000006hNmLAAU'}, 'Name': 'Satish Hale'}",01p5e00000avgucAAA,ApexClass,TM_TUA_QueueableUpdate,,12053,False,0055e000006hNmLAAU,False,0055e000006hNmL
"{'type': 'SourceMember', 'url': '/services/data/v60.0/tooling/sobjects/SourceMember/0MZ6t0000055tpEGAQ'}",0MZ6t0000055tpEGAQ,"{'attributes': {'type': 'User', 'url': '/services/data/v60.0/tooling/sobjects/User/0055e000006hNmLAAU'}, 'Name': 'Satish Hale'}",01p5e00000avguiAAA,ApexClass,TM_Territory2_IBusinessLayer,,12059,False,0055e000006hNmLAAU,False,0055e000006hNmL
"{'type': 'SourceMember', 'url': '/services/data/v60.0/tooling/sobjects/SourceMember/0MZ6t0000055tpFGAQ'}",0MZ6t0000055tpFGAQ,"{'attributes': {'type': 'User', 'url': '/services/data/v60.0/tooling/sobjects/User/0055e000006hNmLAAU'}, 'Name': 'Satish Hale'}",01p5e00000avgujAAA,ApexClass,TM_Territory2_Queueable,,12060,False,0055e000006hNmLAAU,False,0055e000006hNmL
"{'type': 'SourceMember', 'url': '/services/data/v60.0/tooling/sobjects/SourceMember/0MZ6t0000055tpHGAQ'}",0MZ6t0000055tpHGAQ,"{'attributes': {'type': 'User', 'url': '/services/data/v60.0/tooling/sobjects/User/0055e000006hNmLAAU'}, 'Name': 'Satish Hale'}",01p5e00000avgulAAA,ApexClass,TM_TestDataFactory,,369111,False,0055e000006hNmLAAU,False,0055e000006hNmL
"{'type': 'SourceMember', 'url': '/services/data/v60.0/tooling/sobjects/SourceMember/0MZ6t0000055tpIGAQ'}",0MZ6t0000055tpIGAQ,"{'attributes': {'type': 'User', 'url': '/services/data/v60.0/tooling/sobjects/User/0055e000006hNmLAAU'}, 'Name': 'Satish Hale'}",01p5e00000avgumAAA,ApexClass,TM_UTATriggerHandler,,12063,False,0055e000006hNmLAAU,False,0055e000006hNmL
"{'type': 'SourceMember', 'url': '/services/data/v60.0/tooling/sobjects/SourceMember/0MZ6t0000055tpLGAQ'}",0MZ6t0000055tpLGAQ,"{'attributes': {'type': 'User', 'url': '/services/data/v60.0/tooling/sobjects/User/0055e000006hNmLAAU'}, 'Name': 'Satish Hale'}",01p5e00000avgupAAA,ApexClass,TM_UTA_AppLiterals,,12066,False,0055e000006hNmLAAU,False,0055e000006hNmL
"{'type': 'SourceMember', 'url': '/services/data/v60.0/tooling/sobjects/SourceMember/0MZ6t0000055tpMGAQ'}",0MZ6t0000055tpMGAQ,"{'attributes': {'type': 'User', 'url': '/services/data/v60.0/tooling/sobjects/User/0055e000006hNmLAAU'}, 'Name': 'Satish Hale'}",01p5e00000avguqAAA,ApexClass,TM_UTA_IBusinessLayer,,12067,False,0055e000006hNmLAAU,False,0055e000006hNmL
"{'type': 'SourceMember', 'url': '/services/data/v60.0/tooling/sobjects/SourceMember/0MZ6t0000055tpNGAQ'}",0MZ6t0000055tpNGAQ,"{'attributes': {'type': 'User', 'url': '/services/data/v60.0/tooling/sobjects/User/0055e000006hNmLAAU'}, 'Name': 'Satish Hale'}",01p5e00000avgurAAA,ApexClass,TM_UTA_Queueable,,12068,False,0055e000006hNmLAAU,False,0055e000006hNmL
"{'type': 'SourceMember', 'url': '/services/data/v60.0/tooling/sobjects/SourceMember/0MZ6t0000055tpPGAQ'}",0MZ6t0000055tpPGAQ,"{'attributes': {'type': 'User', 'url': '/services/data/v60.0/tooling/sobjects/User/0055e000006hNmLAAU'}, 'Name': 'Satish Hale'}",01p6t000003YBRIAA4,ApexClass,TaskDeleteUtility,,39966,False,0055e000006hNmLAAU,False,0055e000006hNmL
"{'type': 'SourceMember', 'url': '/services/data/v60.0/tooling/sobjects/SourceMember/0MZ8I00000FOdDiWAL'}",0MZ8I00000FOdDiWAL,"{'attributes': {'type': 'User', 'url': '/services/data/v60.0/tooling/sobjects/User/0055e000006hNmLAAU'}, 'Name': 'Satish Hale'}",01p8I00000AkUgmQAF,ApexClass,TemporaryAssignmentHoldResponseWrapper,,198593,True,0055e000006hNmLAAU,False,0055e000006hNmL
"{'type': 'SourceMember', 'url': '/services/data/v60.0/tooling/sobjects/SourceMember/0MZ8M000000HlWKWA0'}",0MZ8M000000HlWKWA0,"{'attributes': {'type': 'User', 'url': '/services/data/v60.0/tooling/sobjects/User/0055e000006hNmLAAU'}, 'Name': 'Satish Hale'}",01p8M000000IcleQAC,ApexClass,TestAutoPopulateBatch,,291639,True,0055e000006hNmLAAU,False,0055e000006hNmL
"{'type': 'SourceMember', 'url': '/services/data/v60.0/tooling/sobjects/SourceMember/0MZ6t0000055tpZGAQ'}",0MZ6t0000055tpZGAQ,"{'attributes': {'type': 'User', 'url': '/services/data/v60.0/tooling/sobjects/User/0055e000006hNmLAAU'}, 'Name': 'Satish Hale'}",01p6t000003YBRSAA4,ApexClass,TestDataFactorySalesPlays,,16038,False,0055e000006hNmLAAU,False,0055e000006hNmL
"{'type': 'SourceMember', 'url': '/services/data/v60.0/tooling/sobjects/SourceMember/0MZ6t0000055tpaGAA'}",0MZ6t0000055tpaGAA,"{'attributes': {'type': 'User', 'url': '/services/data/v60.0/tooling/sobjects/User/0055e000006hNmLAAU'}, 'Name': 'Satish Hale'}",01p6t000003YBRTAA4,ApexClass,TextCollectionWrapper,,12081,False,0055e000006hNmLAAU,False,0055e000006hNmL
"{'type': 'SourceMember', 'url': '/services/data/v60.0/tooling/sobjects/SourceMember/0MZ6t0000055tpbGAA'}",0MZ6t0000055tpbGAA,"{'attributes': {'type': 'User', 'url': '/services/data/v60.0/tooling/sobjects/User/0055e000006hNmLAAU'}, 'Name': 'Satish Hale'}",01p6t000003YBRUAA4,ApexClass,TriggerEventsEnum,,12082,False,0055e000006hNmLAAU,False,0055e000006hNmL
"{'type': 'SourceMember', 'url': '/services/data/v60.0/tooling/sobjects/SourceMember/0MZ6t0000055tpcGAA'}",0MZ6t0000055tpcGAA,"{'attributes': {'type': 'User', 'url': '/services/data/v60.0/tooling/sobjects/User/0055e000006hNmLAAU'}, 'Name': 'Satish Hale'}",01p5e00000YuxyiAAB,ApexClass,TriggerHandler,,369112,False,0055e000006hNmLAAU,False,0055e000006hNmL
"{'type': 'SourceMember', 'url': '/services/data/v60.0/tooling/sobjects/SourceMember/0MZ6t0000055tpgGAA'}",0MZ6t0000055tpgGAA,"{'attributes': {'type': 'User', 'url': '/services/data/v60.0/tooling/sobjects/User/0055e000006hNmLAAU'}, 'Name': 'Satish Hale'}",01p6t000003YBRYAA4,ApexClass,UserLookupControllerTest,,12087,False,0055e000006hNmLAAU,False,0055e000006hNmL
"{'type': 'SourceMember', 'url': '/services/data/v60.0/tooling/sobjects/SourceMember/0MZ6t0000055tphGAA'}",0MZ6t0000055tphGAA,"{'attributes': {'type': 'User', 'url': '/services/data/v60.0/tooling/sobjects/User/0055e000006hNmLAAU'}, 'Name': 'Satish Hale'}",01p6t000003YBRZAA4,ApexClass,ValidatePartnerFinancial,,12088,False,0055e000006hNmLAAU,False,0055e000006hNmL
"{'type': 'SourceMember', 'url': '/services/data/v60.0/tooling/sobjects/SourceMember/0MZ6t0000055tpiGAA'}",0MZ6t0000055tpiGAA,"{'attributes': {'type': 'User', 'url': '/services/data/v60.0/tooling/sobjects/User/0055e000006hNmLAAU'}, 'Name': 'Satish Hale'}",01p6t000003YBRaAAO,ApexClass,ValidationInterface,,12089,False,0055e000006hNmLAAU,False,0055e000006hNmL
"{'type': 'SourceMember', 'url': '/services/data/v60.0/tooling/sobjects/SourceMember/0MZ8M000000Hy5wWAC'}",0MZ8M000000Hy5wWAC,"{'attributes': {'type': 'User', 'url': '/services/data/v60.0/tooling/sobjects/User/0055e000006hNmLAAU'}, 'Name': 'Satish Hale'}",01p8M000000In0LQAS,ApexClass,ValidationScriptForAccNameBatch,,291640,True,0055e000006hNmLAAU,False,0055e000006hNmL
"{'type': 'SourceMember', 'url': '/services/data/v60.0/tooling/sobjects/SourceMember/0MZ8M000000Hy5xWAC'}",0MZ8M000000Hy5xWAC,"{'attributes': {'type': 'User', 'url': '/services/data/v60.0/tooling/sobjects/User/0055e000006hNmLAAU'}, 'Name': 'Satish Hale'}",01p8M000000In0MQAS,ApexClass,ValidationScriptForExistingContactBatch,,291641,True,0055e000006hNmLAAU,False,0055e000006hNmL
"{'type': 'SourceMember', 'url': '/services/data/v60.0/tooling/sobjects/SourceMember/0MZ6t0000055tpjGAA'}",0MZ6t0000055tpjGAA,"{'attributes': {'type': 'User', 'url': '/services/data/v60.0/tooling/sobjects/User/0055e000006hNmLAAU'}, 'Name': 'Satish Hale'}",01p6t000003YBRbAAO,ApexClass,ViewUploadedFile_Controller,,39740,False,0055e000006hNmLAAU,False,0055e000006hNmL
